iso_code,GDLCODE,Nr_individuals,Nr_households,Data_Availability
AFG,AFGr101,6594085,1448009,No data (105)
AFG,AFGr102,831828,171202,No data (105)
AFG,AFGr103,2788188,563629,No data (105)
AFG,AFGr104,6450171,1343130,No data (105)
AFG,AFGr105,4935761,969107,No data (105)
AFG,AFGr106,4451069,857532,No data (105)
AFG,AFGr107,3706983,758176,No data (105)
AFG,AFGr108,4657854,917441,No data (105)
AGO,AGOr201,569599,139382,No data (105)
AGO,AGOr202,545365,121582,No data (105)
AGO,AGOr203,1625478,342656,No data (105)
AGO,AGOr204,8914870,2206848,No data (105)
AGO,AGOr205,437461,92719,No data (105)
AGO,AGOr206,1912436,367233,No data (105)
AGO,AGOr207,1134789,240416,No data (105)
AGO,AGOr208,761378,156035,No data (105)
AGO,AGOr209,2484636,519607,No data (105)
AGO,AGOr210,2147914,447626,No data (105)
AGO,AGOr211,1390505,281239,No data (105)
AGO,AGOr212,652490,133470,No data (105)
AGO,AGOr213,434282,88401,No data (105)
AGO,AGOr214,404054,89851,No data (105)
AGO,AGOr215,2514991,520052,No data (105)
AGO,AGOr216,997365,206130,No data (105)
AGO,AGOr217,523598,113090,No data (105)
AGO,AGOr218,431623,93039,No data (105)
ALB,ALBr201,136174,41217,No data (105)
ALB,ALBr202,134095,37833,No data (105)
ALB,ALBr203,270157,84557,No data (105)
ALB,ALBr204,299070,89175,No data (105)
ALB,ALBr205,300546,87992,No data (105)
ALB,ALBr206,72309,22285,No data (105)
ALB,ALBr207,234204,71879,No data (105)
ALB,ALBr208,79776,22788,No data (105)
ALB,ALBr209,124118,36411,No data (105)
ALB,ALBr210,230622,69802,No data (105)
ALB,ALBr211,827111,280807,No data (105)
ALB,ALBr212,172399,54441,No data (105)
AND,ANDt,78045,30745,No data (105)
ARE,AREt,9262910,3793770,No data (105)
ARG,ARGr101,3341376,1376708,No data (105)
ARG,ARGr102,17177805,6156893,No data (105)
ARG,ARGr103,1343977,507368,No data (105)
ARG,ARGr104,3453720,1314341,No data (105)
ARG,ARGr105,3542699,1221093,No data (105)
ARG,ARGr106,1656285,563225,No data (105)
ARM,ARMr101,144935,34601,IPUMS/DHS: survey + marginals (24)
ARM,ARMr102,266700,61259,IPUMS/DHS: survey + marginals (24)
ARM,ARMr103,264658,60212,IPUMS/DHS: survey + marginals (24)
ARM,ARMr104,227310,49540,IPUMS/DHS: survey + marginals (24)
ARM,ARMr105,211782,59800,IPUMS/DHS: survey + marginals (24)
ARM,ARMr106,299231,73980,IPUMS/DHS: survey + marginals (24)
ARM,ARMr107,249872,64529,IPUMS/DHS: survey + marginals (24)
ARM,ARMr108,132294,36218,IPUMS/DHS: survey + marginals (24)
ARM,ARMr109,60411,15057,IPUMS/DHS: survey + marginals (24)
ARM,ARMr110,140845,36410,IPUMS/DHS: survey + marginals (24)
ARM,ARMr111,917708,247380,IPUMS/DHS: survey + marginals (24)
ATG,ATGt,93513,26846,No data (105)
AUS,AUSr101,7395277,3510016,LIS: marginals (2)
AUS,AUSr102,5862776,2828137,LIS: marginals (2)
AUS,AUSr103,4586061,2220236,LIS: marginals (2)
AUS,AUSr104,1663962,859576,LIS: marginals (2)
AUS,AUSr105,2434138,1146507,LIS: marginals (2)
AUS,AUSr106,506762,265807,LIS: marginals (2)
AUS,AUSr107,242431,117667,LIS: marginals (2)
AUS,AUSr108,395914,191584,LIS: marginals (2)
AUS,AUSr109,-99,-99,LIS: marginals (2)
AUT,AUTr101,290053,119363,LIS: survey + marginals (38)
AUT,AUTr102,1646003,713104,LIS: survey + marginals (38)
AUT,AUTr103,1816831,927068,LIS: survey + marginals (38)
AUT,AUTr104,559095,260204,LIS: survey + marginals (38)
AUT,AUTr105,1227048,547278,LIS: survey + marginals (38)
AUT,AUTr106,1446026,640097,LIS: survey + marginals (38)
AUT,AUTr107,541967,240779,LIS: survey + marginals (38)
AUT,AUTr108,734147,310067,LIS: survey + marginals (38)
AUT,AUTr109,382073,157904,LIS: survey + marginals (38)
AZE,AZEr101,2801483,917903,No data (105)
AZE,AZEr102,619400,184115,No data (105)
AZE,AZEr103,1358221,342065,No data (105)
AZE,AZEr104,693040,187950,No data (105)
AZE,AZEr105,819600,203656,No data (105)
AZE,AZEr106,489186,125857,No data (105)
AZE,AZEr107,2321048,574769,No data (105)
AZE,AZEr108,242719,59172,No data (105)
AZE,AZEr109,305373,76980,No data (105)
AZE,AZEr110,-99,-99,No data (105)
AZE,AZEr111,-99,-99,No data (105)
BDI,BDIr101,3003393,575770,No data (105)
BDI,BDIr102,1514797,303704,No data (105)
BDI,BDIr103,1250483,241845,No data (105)
BDI,BDIr104,2369720,479598,No data (105)
BDI,BDIr105,2022724,390542,No data (105)
BEL,BELr101,1193016,559713,LIS: survey + marginals (38)
BEL,BELr102,1822974,787055,LIS: survey + marginals (38)
BEL,BELr103,864029,373202,LIS: survey + marginals (38)
BEL,BELr104,1483963,640563,LIS: survey + marginals (38)
BEL,BELr106,1183005,510794,LIS: survey + marginals (38)
BEL,BELr107,396018,173710,LIS: survey + marginals (38)
BEL,BELr108,1340013,588210,LIS: survey + marginals (38)
BEL,BELr109,1100937,483446,LIS: survey + marginals (38)
BEL,BELr110,282021,123808,LIS: survey + marginals (38)
BEL,BELr111,491015,215565,LIS: survey + marginals (38)
BEN,BENr101,1542170,207000,IPUMS/DHS: survey + marginals (24)
BEN,BENr102,2082465,460941,IPUMS/DHS: survey + marginals (24)
BEN,BENr103,2219344,296819,IPUMS/DHS: survey + marginals (24)
BEN,BENr104,1261309,251189,IPUMS/DHS: survey + marginals (24)
BEN,BENr105,1750733,349059,IPUMS/DHS: survey + marginals (24)
BEN,BENr106,1671245,330126,IPUMS/DHS: survey + marginals (24)
BFA,BFAr101,1918918,336472,IPUMS/DHS: survey + marginals (24)
BFA,BFAr102,685253,114938,IPUMS/DHS: survey + marginals (24)
BFA,BFAr103,2127939,437110,IPUMS/DHS: survey + marginals (24)
BFA,BFAr104,1358086,231470,IPUMS/DHS: survey + marginals (24)
BFA,BFAr105,1378043,210367,IPUMS/DHS: survey + marginals (24)
BFA,BFAr106,1363700,210791,IPUMS/DHS: survey + marginals (24)
BFA,BFAr107,840900,142866,IPUMS/DHS: survey + marginals (24)
BFA,BFAr108,1612689,265047,IPUMS/DHS: survey + marginals (24)
BFA,BFAr109,1898148,337208,IPUMS/DHS: survey + marginals (24)
BFA,BFAr110,1332790,210656,IPUMS/DHS: survey + marginals (24)
BFA,BFAr111,849529,134769,IPUMS/DHS: survey + marginals (24)
BFA,BFAr112,1337512,254325,IPUMS/DHS: survey + marginals (24)
BFA,BFAr113,755581,127869,IPUMS/DHS: survey + marginals (24)
BGD,BGDr201,6346368,1449712,IPUMS/DHS: survey + marginals (24)
BGD,BGDr202,4022793,915781,IPUMS/DHS: survey + marginals (24)
BGD,BGDr203,8838254,1803169,IPUMS/DHS: survey + marginals (24)
BGD,BGDr204,2839142,582261,IPUMS/DHS: survey + marginals (24)
BGD,BGDr205,2535194,521431,IPUMS/DHS: survey + marginals (24)
BGD,BGDr206,6256707,1279532,IPUMS/DHS: survey + marginals (24)
BGD,BGDr207,9849444,2005837,IPUMS/DHS: survey + marginals (24)
BGD,BGDr208,13489656,3141971,IPUMS/DHS: survey + marginals (24)
BGD,BGDr209,8245758,1925132,IPUMS/DHS: survey + marginals (24)
BGD,BGDr210,8872498,2073852,IPUMS/DHS: survey + marginals (24)
BGD,BGDr211,9827280,2293387,IPUMS/DHS: survey + marginals (24)
BGD,BGDr212,8106870,1895676,IPUMS/DHS: survey + marginals (24)
BGD,BGDr213,5219651,1218250,IPUMS/DHS: survey + marginals (24)
BGD,BGDr214,5409455,1304426,IPUMS/DHS: survey + marginals (24)
BGD,BGDr215,4146861,1000438,IPUMS/DHS: survey + marginals (24)
BGD,BGDr216,5412489,1305687,IPUMS/DHS: survey + marginals (24)
BGD,BGDr217,5683820,1397620,IPUMS/DHS: survey + marginals (24)
BGD,BGDr218,5680268,1397201,IPUMS/DHS: survey + marginals (24)
BGD,BGDr219,5946144,1460986,IPUMS/DHS: survey + marginals (24)
BGD,BGDr220,8935377,2193836,IPUMS/DHS: survey + marginals (24)
BGD,BGDr221,6262332,1539028,IPUMS/DHS: survey + marginals (24)
BGD,BGDr222,6381915,1199733,IPUMS/DHS: survey + marginals (24)
BGD,BGDr223,5972401,1122883,IPUMS/DHS: survey + marginals (24)
BGR,BGRr101,790489,225898,No data (105)
BGR,BGRr102,820474,254537,No data (105)
BGR,BGRr103,947149,297612,No data (105)
BGR,BGRr104,1055577,315527,No data (105)
BGR,BGRr105,2123347,858082,No data (105)
BGR,BGRr106,1440986,437375,No data (105)
BHR,BHRt,1371882,546319,No data (105)
BHS,BHSt,374220,121286,No data (105)
BIH,BIHr101,337639,93535,No data (105)
BIH,BIHr102,544628,150338,No data (105)
BIH,BIHr103,1095190,308084,No data (105)
BIH,BIHr104,345008,102863,No data (105)
BIH,BIHr105,1106430,307345,No data (105)
BLR,BLRr101,1451694,461793,No data (105)
BLR,BLRr102,1262645,417208,No data (105)
BLR,BLRr103,1429574,472095,No data (105)
BLR,BLRr104,1056524,352914,No data (105)
BLR,BLRr105,3194290,1142699,No data (105)
BLR,BLRr106,1095711,346457,No data (105)
BLZ,BLZr101,101892,25243,No data (105)
BLZ,BLZr102,103908,28150,No data (105)
BLZ,BLZr103,36175,8459,No data (105)
BLZ,BLZr104,118983,31058,No data (105)
BOL,BOLr101,661425,185822,IPUMS/DHS: survey + marginals (24)
BOL,BOLr102,3150846,1037661,IPUMS/DHS: survey + marginals (24)
BOL,BOLr103,1992182,608508,IPUMS/DHS: survey + marginals (24)
BOL,BOLr104,590873,191471,IPUMS/DHS: survey + marginals (24)
BOL,BOLr105,1082582,334350,IPUMS/DHS: survey + marginals (24)
BOL,BOLr106,494546,139508,IPUMS/DHS: survey + marginals (24)
BOL,BOLr107,2299099,607729,IPUMS/DHS: survey + marginals (24)
BOL,BOLr108,364876,88280,IPUMS/DHS: survey + marginals (24)
BOL,BOLr109,63999,16247,IPUMS/DHS: survey + marginals (24)
BRA,BRAr101,1658031,549580,LIS: survey + marginals (38)
BRA,BRAr102,758936,225562,LIS: survey + marginals (38)
BRA,BRAr103,3702475,1049728,LIS: survey + marginals (38)
BRA,BRAr104,488876,142753,LIS: survey + marginals (38)
BRA,BRAr105,8207629,2429407,LIS: survey + marginals (38)
BRA,BRAr106,672864,187914,LIS: survey + marginals (38)
BRA,BRAr107,1512947,501953,LIS: survey + marginals (38)
BRA,BRAr108,6978899,2055008,LIS: survey + marginals (38)
BRA,BRAr109,3256946,1076015,LIS: survey + marginals (38)
BRA,BRAr110,9252274,2990319,LIS: survey + marginals (38)
BRA,BRAr111,3366078,1086985,LIS: survey + marginals (38)
BRA,BRAr112,4059134,1352344,LIS: survey + marginals (38)
BRA,BRAr113,9500000,3235229,LIS: survey + marginals (38)
BRA,BRAr114,3238576,1073511,LIS: survey + marginals (38)
BRA,BRAr115,2221026,754523,LIS: survey + marginals (38)
BRA,BRAr116,15035205,5145839,LIS: survey + marginals (38)
BRA,BRAr117,20829985,7359676,LIS: survey + marginals (38)
BRA,BRAr118,3739398,1325491,LIS: survey + marginals (38)
BRA,BRAr119,17375869,6404980,LIS: survey + marginals (38)
BRA,BRAr120,44181207,15291015,LIS: survey + marginals (38)
BRA,BRAr121,11280770,3945283,LIS: survey + marginals (38)
BRA,BRAr122,6683904,2405138,LIS: survey + marginals (38)
BRA,BRAr123,11473034,4233779,LIS: survey + marginals (38)
BRA,BRAr124,2639995,921673,LIS: survey + marginals (38)
BRA,BRAr125,3191010,1084916,LIS: survey + marginals (38)
BRA,BRAr126,6341155,2192173,LIS: survey + marginals (38)
BRA,BRAr127,2821512,997866,LIS: survey + marginals (38)
BRB,BRBr101,87668,27719,No data (105)
BRB,BRBr102,76919,25681,No data (105)
BRB,BRBr103,54617,18656,No data (105)
BRB,BRBr104,66043,20997,No data (105)
BRN,BRNt,415072,153117,No data (105)
BTN,BTNr101,17347,4093,No data (105)
BTN,BTNr102,74216,18065,No data (105)
BTN,BTNr103,27485,6207,No data (105)
BTN,BTNr104,5248,1109,No data (105)
BTN,BTNr105,14183,3541,No data (105)
BTN,BTNr106,16906,3858,No data (105)
BTN,BTNr107,51262,11649,No data (105)
BTN,BTNr108,40820,10481,No data (105)
BTN,BTNr109,28432,6467,No data (105)
BTN,BTNr110,27526,6551,No data (105)
BTN,BTNr111,42121,9593,No data (105)
BTN,BTNr112,81414,18502,No data (105)
BTN,BTNr113,44586,11088,No data (105)
BTN,BTNr114,90545,26667,No data (105)
BTN,BTNr115,56903,12660,No data (105)
BTN,BTNr116,18517,4160,No data (105)
BTN,BTNr117,16313,3716,No data (105)
BTN,BTNr118,23851,5528,No data (105)
BTN,BTNr119,30731,6953,No data (105)
BTN,BTNr120,19452,4455,No data (105)
BWA,BWAr101,665577,161402,No data (105)
BWA,BWAr102,46011,10983,No data (105)
BWA,BWAr103,53931,13133,No data (105)
BWA,BWAr104,97190,25446,No data (105)
BWA,BWAr105,321722,79395,No data (105)
BWA,BWAr106,167035,44011,No data (105)
BWA,BWAr107,158353,38057,No data (105)
BWA,BWAr108,359652,109818,No data (105)
BWA,BWAr109,228101,56245,No data (105)
BWA,BWAr110,24733,6041,No data (105)
CAF,CAFr101,1048315,199583,No data (105)
CAF,CAFr102,787486,150784,No data (105)
CAF,CAFr103,921296,177526,No data (105)
CAF,CAFr104,359698,69499,No data (105)
CAF,CAFr105,513166,99246,No data (105)
CAF,CAFr106,862745,181089,No data (105)
CAN,CANr101,526984,225373,LIS: survey + marginals (38)
CAN,CANr102,145975,60509,LIS: survey + marginals (38)
CAN,CANr103,939099,414733,LIS: survey + marginals (38)
CAN,CANr104,751855,330877,LIS: survey + marginals (38)
CAN,CANr105,8232742,3626999,LIS: survey + marginals (38)
CAN,CANr106,13753432,5378340,LIS: survey + marginals (38)
CAN,CANr107,1292019,519141,LIS: survey + marginals (38)
CAN,CANr108,1127674,465118,LIS: survey + marginals (38)
CAN,CANr109,4167065,1601632,LIS: survey + marginals (38)
CAN,CANr110,4682857,1961347,LIS: survey + marginals (38)
CHE,CHEr101,1578991,714330,LIS: survey + marginals (38)
CHE,CHEr102,1836115,853735,LIS: survey + marginals (38)
CHE,CHEr103,1123033,518407,LIS: survey + marginals (38)
CHE,CHEr104,1454041,694347,LIS: survey + marginals (38)
CHE,CHEr105,1151030,527256,LIS: survey + marginals (38)
CHE,CHEr106,786970,349443,LIS: survey + marginals (38)
CHE,CHEr107,351933,167041,LIS: survey + marginals (38)
CHL,CHLr101,513929,157761,LIS: survey + marginals (38)
CHL,CHLr102,587977,175074,LIS: survey + marginals (38)
CHL,CHLr103,302040,89304,LIS: survey + marginals (38)
CHL,CHLr104,720124,219762,LIS: survey + marginals (38)
CHL,CHLr105,1828089,595495,LIS: survey + marginals (38)
CHL,CHLr106,928900,295491,LIS: survey + marginals (38)
CHL,CHLr107,1081891,350358,LIS: survey + marginals (38)
CHL,CHLr108,2216377,709577,LIS: survey + marginals (38)
CHL,CHLr109,1013113,322303,LIS: survey + marginals (38)
CHL,CHLr110,1270953,408425,LIS: survey + marginals (38)
CHL,CHLr111,111012,37093,LIS: survey + marginals (38)
CHL,CHLr112,182042,63714,LIS: survey + marginals (38)
CHL,CHLr113,7212973,2214890,LIS: survey + marginals (38)
CHN,CHNr101,21716822,6743334,LIS: survey + marginals (38)
CHN,CHNr102,15475900,4803120,LIS: survey + marginals (38)
CHN,CHNr103,74268570,23130642,LIS: survey + marginals (38)
CHN,CHNr104,36651437,11398931,LIS: survey + marginals (38)
CHN,CHNr105,25117486,7805317,LIS: survey + marginals (38)
CHN,CHNr106,43832507,15234537,LIS: survey + marginals (38)
CHN,CHNr107,27537654,9579671,LIS: survey + marginals (38)
CHN,CHNr108,38128912,13266419,LIS: survey + marginals (38)
CHN,CHNr109,24170953,7557472,LIS: survey + marginals (38)
CHN,CHNr110,79802091,25019369,LIS: survey + marginals (38)
CHN,CHNr111,55424409,17364110,LIS: survey + marginals (38)
CHN,CHNr112,61484653,19268152,LIS: survey + marginals (38)
CHN,CHNr113,38425446,12028434,LIS: survey + marginals (38)
CHN,CHNr114,45703019,14312593,LIS: survey + marginals (38)
CHN,CHNr115,98519729,30900053,LIS: survey + marginals (38)
CHN,CHNr116,94835658,24186556,LIS: survey + marginals (38)
CHN,CHNr117,58543485,14969922,LIS: survey + marginals (38)
CHN,CHNr118,67857021,17336330,LIS: survey + marginals (38)
CHN,CHNr119,108527371,27660479,LIS: survey + marginals (38)
CHN,CHNr120,47982591,12283043,LIS: survey + marginals (38)
CHN,CHNr121,9111960,2362350,LIS: survey + marginals (38)
CHN,CHNr122,30191754,8246822,LIS: survey + marginals (38)
CHN,CHNr123,82077676,22181271,LIS: survey + marginals (38)
CHN,CHNr124,35326238,9626356,LIS: survey + marginals (38)
CHN,CHNr125,47451297,12888942,LIS: survey + marginals (38)
CHN,CHNr126,3240936,911341,LIS: survey + marginals (38)
CHN,CHNr127,37939311,10088179,LIS: survey + marginals (38)
CHN,CHNr128,26006268,6918573,LIS: survey + marginals (38)
CHN,CHNr129,5880888,1563413,LIS: survey + marginals (38)
CHN,CHNr130,6682166,1776090,LIS: survey + marginals (38)
CHN,CHNr131,23606435,6280162,LIS: survey + marginals (38)
CHN,CHNr132,-99,-99,LIS: survey + marginals (38)
TWN,CHNr133,-99,-99,No data (105)
CIV,CIVr101,1681668,321495,LIS: survey (4)
CIV,CIVr102,582392,115891,LIS: survey (4)
CIV,CIVr103,1865783,369073,LIS: survey (4)
CIV,CIVr104,3467734,664388,LIS: survey (4)
CIV,CIVr105,1235343,233181,LIS: survey (4)
CIV,CIVr106,998016,188202,LIS: survey (4)
CIV,CIVr107,1078025,204169,LIS: survey (4)
CIV,CIVr108,2731120,506217,LIS: survey (4)
CIV,CIVr109,7685466,1539791,LIS: survey (4)
CIV,CIVr110,1903313,358646,LIS: survey (4)
CMR,CMRr101,1129070,211756,No data (105)
CMR,CMRr102,4349740,937872,No data (105)
CMR,CMRr103,1288216,250720,No data (105)
CMR,CMRr104,4140510,732898,No data (105)
CMR,CMRr105,3291138,755590,No data (105)
CMR,CMRr106,3007027,536495,No data (105)
CMR,CMRr107,1681365,333966,No data (105)
CMR,CMRr108,2622315,533370,No data (105)
CMR,CMRr109,907212,188598,No data (105)
CMR,CMRr110,886539,189278,No data (105)
COD,CODr101,8623780,1863191,No data (105)
COD,CODr102,4234637,812937,No data (105)
COD,CODr103,11054765,2100525,No data (105)
COD,CODr104,7943580,1493089,No data (105)
COD,CODr105,8226404,1549273,No data (105)
COD,CODr106,6526698,1273032,No data (105)
COD,CODr107,5926795,1118351,No data (105)
COD,CODr108,1837884,347124,No data (105)
COD,CODr109,9591670,1826576,No data (105)
COD,CODr110,6778538,1278547,No data (105)
COD,CODr111,5499899,1034459,No data (105)
COG,COGr201,111881,22743,No data (105)
COG,COGr202,252282,54587,No data (105)
COG,COGr203,97399,19793,No data (105)
COG,COGr204,324929,68038,No data (105)
COG,COGr205,331282,65746,No data (105)
COG,COGr206,174140,37073,No data (105)
COG,COGr207,171561,37340,No data (105)
COG,COGr208,74964,15569,No data (105)
COG,COGr209,94317,19555,No data (105)
COG,COGr210,195516,40855,No data (105)
COG,COGr211,1868096,437348,No data (105)
COG,COGr212,1159364,267016,No data (105)
COL,COLr101,6376516,1878053,LIS: survey (4)
COL,COLr102,2429644,740792,LIS: survey (4)
COL,COLr103,7780820,2563845,LIS: survey (4)
COL,COLr104,2071554,593305,LIS: survey (4)
COL,COLr105,1260773,364667,LIS: survey (4)
COL,COLr106,976057,294363,LIS: survey (4)
COL,COLr107,471821,126498,LIS: survey (4)
COL,COLr108,1361895,363579,LIS: survey (4)
COL,COLr109,1016507,276608,LIS: survey (4)
COL,COLr110,1688399,448823,LIS: survey (4)
COL,COLr111,2647024,787165,LIS: survey (4)
COL,COLr112,493848,128498,LIS: survey (4)
COL,COLr113,1140511,308746,LIS: survey (4)
COL,COLr114,946150,245542,LIS: survey (4)
COL,COLr115,1244486,336580,LIS: survey (4)
COL,COLr116,949474,285114,LIS: survey (4)
COL,COLr117,1722665,461610,LIS: survey (4)
COL,COLr118,1339167,380825,LIS: survey (4)
COL,COLr119,558434,170365,LIS: survey (4)
COL,COLr120,940024,273233,LIS: survey (4)
COL,COLr121,2035286,609343,LIS: survey (4)
COL,COLr122,840938,235352,LIS: survey (4)
COL,COLr123,1390892,393782,LIS: survey (4)
COL,COLr124,4556767,1410258,LIS: survey (4)
COL,COLr125,258994,72324,LIS: survey (4)
COL,COLr126,352156,100502,LIS: survey (4)
COL,COLr127,340730,91229,LIS: survey (4)
COL,COLr128,75567,23282,LIS: survey (4)
COL,COLr129,75063,20056,LIS: survey (4)
COL,COLr130,40890,10401,LIS: survey (4)
COL,COLr131,64089,18349,LIS: survey (4)
COL,COLr132,43240,10695,LIS: survey (4)
COL,COLr133,30891,8848,LIS: survey (4)
COM,COMr101,357291,78268,No data (105)
COM,COMr102,51518,11211,No data (105)
COM,COMr103,368724,78964,No data (105)
CPV,CPVr101,57320,13741,No data (105)
CPV,CPVr102,101525,25624,No data (105)
CPV,CPVr103,148419,34326,No data (105)
CPV,CPVr104,171634,43716,No data (105)
CPV,CPVr105,45942,11448,No data (105)
CPV,CPVr106,-99,-99,No data (105)
CRI,CRIr101,1563161,441886,IPUMS: marginals (5)
CRI,CRIr102,935392,259178,IPUMS: marginals (5)
CRI,CRIr103,531690,141430,IPUMS: marginals (5)
CRI,CRIr104,455720,127443,IPUMS: marginals (5)
CRI,CRIr105,374693,104678,IPUMS: marginals (5)
CRI,CRIr106,534149,152466,IPUMS: marginals (5)
CRI,CRIr107,416634,117106,IPUMS: marginals (5)
CUB,CUBr101,811356,247135,No data (105)
CUB,CUBr102,767058,238530,No data (105)
CUB,CUBr103,2036335,719285,No data (105)
CUB,CUBr104,496257,155560,No data (105)
CUB,CUBr105,-99,-99,No data (105)
CUB,CUBr106,-99,-99,No data (105)
CUB,CUBr107,-99,-99,No data (105)
CUB,CUBr108,-99,-99,No data (105)
CUB,CUBr109,-99,-99,No data (105)
CUB,CUBr110,-99,-99,No data (105)
CUB,CUBr111,-99,-99,No data (105)
CUB,CUBr112,-99,-99,No data (105)
CUB,CUBr113,-99,-99,No data (105)
CUB,CUBr114,-99,-99,No data (105)
CUB,CUBr115,-99,-99,No data (105)
CYP,CYPt,1160862,464162,No data (105)
CZE,CZEr101,1263138,600275,LIS: survey + marginals (38)
CZE,CZEr102,1321055,534569,LIS: survey + marginals (38)
CZE,CZEr103,1212942,515462,LIS: survey + marginals (38)
CZE,CZEr104,1122008,476024,LIS: survey + marginals (38)
CZE,CZEr105,1506923,626215,LIS: survey + marginals (38)
CZE,CZEr106,1683295,689054,LIS: survey + marginals (38)
CZE,CZEr107,1220025,488985,LIS: survey + marginals (38)
CZE,CZEr108,1215030,509866,LIS: survey + marginals (38)
DEU,DEUr101,10797917,5204777,LIS: survey + marginals (38)
DEU,DEUr102,12764849,6401479,LIS: survey + marginals (38)
DEU,DEUr103,3491227,2071363,LIS: survey + marginals (38)
DEU,DEUr104,2469354,1286899,LIS: survey + marginals (38)
DEU,DEUr105,667003,340458,LIS: survey + marginals (38)
DEU,DEUr106,1775115,904803,LIS: survey + marginals (38)
DEU,DEUr107,6133722,2983804,LIS: survey + marginals (38)
DEU,DEUr108,1603787,918996,LIS: survey + marginals (38)
DEU,DEUr109,7877084,3946955,LIS: survey + marginals (38)
DEU,DEUr110,17752296,8656407,LIS: survey + marginals (38)
DEU,DEUr111,4028386,2003308,LIS: survey + marginals (38)
DEU,DEUr112,989110,550289,LIS: survey + marginals (38)
DEU,DEUr113,4070844,2110575,LIS: survey + marginals (38)
DEU,DEUr114,2240046,1271135,LIS: survey + marginals (38)
DEU,DEUr115,2844601,1431578,LIS: survey + marginals (38)
DEU,DEUr116,2163776,1166210,LIS: survey + marginals (38)
DJI,DJIr101,771042,161744,No data (105)
DJI,DJIr102,142754,28190,No data (105)
DMA,DMAt,71192,19582,No data (105)
DNK,DNKr101,1778249,850285,LIS: survey + marginals (38)
DNK,DNKr102,823627,386370,LIS: survey + marginals (38)
DNK,DNKr103,1209061,581800,LIS: survey + marginals (38)
DNK,DNKr104,1288496,612555,LIS: survey + marginals (38)
DNK,DNKr105,583981,283390,LIS: survey + marginals (38)
DOM,DOMr101,3913904,1075960,LIS: survey + marginals (38)
DOM,DOMr102,869897,229811,LIS: survey + marginals (38)
DOM,DOMr103,1578074,451123,LIS: survey + marginals (38)
DOM,DOMr104,650262,180958,LIS: survey + marginals (38)
DOM,DOMr105,390247,101717,LIS: survey + marginals (38)
DOM,DOMr106,1059513,300688,LIS: survey + marginals (38)
DOM,DOMr107,568083,147948,LIS: survey + marginals (38)
DOM,DOMr108,500848,144018,LIS: survey + marginals (38)
DOM,DOMr109,751370,197259,LIS: survey + marginals (38)
DZA,DZAr101,13431956,3653456,No data (105)
DZA,DZAr102,5636545,1516116,No data (105)
DZA,DZAr103,6069660,1544436,No data (105)
DZA,DZAr104,2754742,679304,No data (105)
DZA,DZAr105,5600944,1459002,No data (105)
DZA,DZAr106,2254770,566310,No data (105)
DZA,DZAr107,3979537,1021906,No data (105)
ECU,ECUr101,7462837,1927815,IPUMS: marginals (5)
ECU,ECUr102,5420773,1430857,IPUMS: marginals (5)
ECU,ECUr103,1332228,321529,IPUMS: marginals (5)
ECU,ECUr104,-99,-99,IPUMS: marginals (5)
EGY,EGYr101,8249009,2124910,LIS: survey and IPUMS/DHS: survey + marginals (1)
EGY,EGYr102,4114589,1071580,LIS: survey and IPUMS/DHS: survey + marginals (1)
EGY,EGYr103,379926,98016,LIS: survey and IPUMS/DHS: survey + marginals (1)
EGY,EGYr104,80096,19745,LIS: survey and IPUMS/DHS: survey + marginals (1)
EGY,EGYr105,1512678,395538,LIS: survey and IPUMS/DHS: survey + marginals (1)
EGY,EGYr106,6449662,1646931,LIS: survey and IPUMS/DHS: survey + marginals (1)
EGY,EGYr107,7443583,1774619,LIS: survey and IPUMS/DHS: survey + marginals (1)
EGY,EGYr108,4312124,1069920,LIS: survey and IPUMS/DHS: survey + marginals (1)
EGY,EGYr109,3451344,821916,LIS: survey and IPUMS/DHS: survey + marginals (1)
EGY,EGYr110,5410966,1352951,LIS: survey and IPUMS/DHS: survey + marginals (1)
EGY,EGYr111,3990711,944024,LIS: survey and IPUMS/DHS: survey + marginals (1)
EGY,EGYr112,7202462,1693077,LIS: survey and IPUMS/DHS: survey + marginals (1)
EGY,EGYr113,713588,173633,LIS: survey and IPUMS/DHS: survey + marginals (1)
EGY,EGYr114,8629872,2222513,LIS: survey and IPUMS/DHS: survey + marginals (1)
EGY,EGYr115,2980656,665171,LIS: survey and IPUMS/DHS: survey + marginals (1)
EGY,EGYr116,2972316,684066,LIS: survey and IPUMS/DHS: survey + marginals (1)
EGY,EGYr117,4985485,1118416,LIS: survey and IPUMS/DHS: survey + marginals (1)
EGY,EGYr118,4652364,1020708,LIS: survey and IPUMS/DHS: survey + marginals (1)
EGY,EGYr119,4536943,1021209,LIS: survey and IPUMS/DHS: survey + marginals (1)
EGY,EGYr120,4111077,901563,LIS: survey and IPUMS/DHS: survey + marginals (1)
EGY,EGYr121,1557439,364874,LIS: survey and IPUMS/DHS: survey + marginals (1)
EGY,EGYr122,812182,187485,LIS: survey and IPUMS/DHS: survey + marginals (1)
ERI,ERIr101,100030,19841,No data (105)
ERI,ERIr102,763567,176091,No data (105)
ERI,ERIr103,410478,80270,No data (105)
ERI,ERIr104,441968,86355,No data (105)
ERI,ERIr105,599552,116742,No data (105)
ERI,ERIr106,985078,191890,No data (105)
ESP,ESPr101,2726824,1109693,LIS: survey + marginals (38)
ESP,ESPr102,1044869,466218,LIS: survey + marginals (38)
ESP,ESPr103,583914,245807,LIS: survey + marginals (38)
ESP,ESPr104,2165049,921186,LIS: survey + marginals (38)
ESP,ESPr105,636993,260046,LIS: survey + marginals (38)
ESP,ESPr106,312975,132486,LIS: survey + marginals (38)
ESP,ESPr107,1322906,555864,LIS: survey + marginals (38)
ESP,ESPr108,6406134,2603418,LIS: survey + marginals (38)
ESP,ESPr109,2466018,1068580,LIS: survey + marginals (38)
ESP,ESPr110,2055693,822648,LIS: survey + marginals (38)
ESP,ESPr111,1087864,446349,LIS: survey + marginals (38)
ESP,ESPr112,7401889,3019705,LIS: survey + marginals (38)
ESP,ESPr113,4935060,2024597,LIS: survey + marginals (38)
ESP,ESPr114,1131047,451738,LIS: survey + marginals (38)
ESP,ESPr115,8404984,3269793,LIS: survey + marginals (38)
ESP,ESPr116,1465038,556140,LIS: survey + marginals (38)
ESP,ESPr119,2129132,835893,LIS: survey + marginals (38)
ESP,ESPr120,-99,-99,LIS: survey + marginals (38)
EST,ESTr101,577098,259767,LIS: survey + marginals (38)
EST,ESTr102,123979,57099,LIS: survey + marginals (38)
EST,ESTr103,148234,70848,LIS: survey + marginals (38)
EST,ESTr104,147023,69515,LIS: survey + marginals (38)
EST,ESTr105,320050,150757,LIS: survey + marginals (38)
ETH,ETHr101,6088877,1417966,IPUMS/DHS: survey + marginals (24)
ETH,ETHr102,826854,153997,IPUMS/DHS: survey + marginals (24)
ETH,ETHr103,22447100,5169898,IPUMS/DHS: survey + marginals (24)
ETH,ETHr104,37072961,7820409,IPUMS/DHS: survey + marginals (24)
ETH,ETHr105,3069116,644579,IPUMS/DHS: survey + marginals (24)
ETH,ETHr106,991880,226700,IPUMS/DHS: survey + marginals (24)
ETH,ETHr107,20117724,4313697,IPUMS/DHS: survey + marginals (24)
ETH,ETHr108,283025,61986,IPUMS/DHS: survey + marginals (24)
ETH,ETHr109,232378,58752,IPUMS/DHS: survey + marginals (24)
ETH,ETHr110,3517217,849210,IPUMS/DHS: survey + marginals (24)
ETH,ETHr111,449170,107218,IPUMS/DHS: survey + marginals (24)
FIN,FINr101,1377791,682921,LIS: survey + marginals (38)
FIN,FINr102,1611214,803478,LIS: survey + marginals (38)
FIN,FINr103,1161049,586426,LIS: survey + marginals (38)
FIN,FINr104,1299239,627335,LIS: survey + marginals (38)
ALA,FINr105,28951,13496,No data (105)
FJI,FJIr101,-99,-99,No data (105)
FJI,FJIr102,-99,-99,No data (105)
FJI,FJIr103,-99,-99,No data (105)
FJI,FJIr104,-99,-99,No data (105)
FJI,FJIr105,-99,-99,No data (105)
FJI,FJIr106,-99,-99,No data (105)
FJI,FJIr107,-99,-99,No data (105)
FJI,FJIr108,-99,-99,No data (105)
FJI,FJIr109,-99,-99,No data (105)
FJI,FJIr110,-99,-99,No data (105)
FRA,FRAr101,12099971,5118629,LIS: survey + marginals (38)
FRA,FRAr102,1336216,630144,LIS: survey + marginals (38)
FRA,FRAr103,1932241,809737,LIS: survey + marginals (38)
FRA,FRAr104,1858981,833630,LIS: survey + marginals (38)
FRA,FRAr105,2578091,1158137,LIS: survey + marginals (38)
FRA,FRAr106,1478094,670168,LIS: survey + marginals (38)
FRA,FRAr107,1639922,775831,LIS: survey + marginals (38)
FRA,FRAr108,4075840,1817692,LIS: survey + marginals (38)
FRA,FRAr109,2340081,1087235,LIS: survey + marginals (38)
FRA,FRAr110,1882109,863066,LIS: survey + marginals (38)
FRA,FRAr111,1179980,541559,LIS: survey + marginals (38)
FRA,FRAr112,3728067,1671353,LIS: survey + marginals (38)
FRA,FRAr113,3300060,1550276,LIS: survey + marginals (38)
FRA,FRAr114,1805096,870122,LIS: survey + marginals (38)
FRA,FRAr115,3381693,1597508,LIS: survey + marginals (38)
FRA,FRAr116,3008118,1380642,LIS: survey + marginals (38)
FRA,FRAr117,737002,356207,LIS: survey + marginals (38)
FRA,FRAr118,6533546,2931706,LIS: survey + marginals (38)
FRA,FRAr119,1363235,668861,LIS: survey + marginals (38)
FRA,FRAr120,2782803,1311081,LIS: survey + marginals (38)
FRA,FRAr121,5015165,2308695,LIS: survey + marginals (38)
FRA,FRAr122,328913,162256,LIS: survey + marginals (38)
GUF,FRAr127,-99,-99,No data (105)
REU,FRAr128,-99,-99,No data (105)
MYT,FRAr129,-99,-99,No data (105)
FSM,FSMt,108890,25127,No data (105)
GAB,GABr101,212731,47804,No data (105)
GAB,GABr102,179582,40096,No data (105)
GAB,GABr103,63301,13738,No data (105)
GAB,GABr104,121243,25412,No data (105)
GAB,GABr105,52610,11083,No data (105)
GAB,GABr106,70150,14536,No data (105)
GAB,GABr107,71016,14815,No data (105)
GAB,GABr108,23046,4956,No data (105)
GAB,GABr109,108960,23031,No data (105)
GBR,GBRr101,2635341,1181737,LIS: survey + marginals (38)
GBR,GBRr102,7181696,3157928,LIS: survey + marginals (38)
GBR,GBRr103,5406735,2338045,LIS: survey + marginals (38)
GBR,GBRr104,4669380,2011961,LIS: survey + marginals (38)
GBR,GBRr105,5752581,2432747,LIS: survey + marginals (38)
GBR,GBRr106,6066916,2582289,LIS: survey + marginals (38)
GBR,GBRr107,8637689,3578769,LIS: survey + marginals (38)
GBR,GBRr108,8943953,3802161,LIS: survey + marginals (38)
GBR,GBRr109,5462158,2399190,LIS: survey + marginals (38)
GBR,GBRr110,3121017,1377906,LIS: survey + marginals (38)
GBR,GBRr111,5375307,2486195,LIS: survey + marginals (38)
GBR,GBRr112,1853688,732980,LIS: survey + marginals (38)
GEO,GEOr101,-99,-99,LIS: survey + marginals (38)
GEO,GEOr102,361871,86848,LIS: survey + marginals (38)
GEO,GEOr103,108013,33706,LIS: survey + marginals (38)
GEO,GEOr104,547121,168963,LIS: survey + marginals (38)
GEO,GEOr105,284076,85046,LIS: survey + marginals (38)
GEO,GEOr106,420242,120990,LIS: survey + marginals (38)
GEO,GEOr107,94746,32092,LIS: survey + marginals (38)
GEO,GEOr108,317779,91684,LIS: survey + marginals (38)
GEO,GEOr109,149934,43716,LIS: survey + marginals (38)
GEO,GEOr110,262004,84232,LIS: survey + marginals (38)
GEO,GEOr111,1179951,344157,LIS: survey + marginals (38)
GHA,GHAr101,2751055,661248,IPUMS/DHS: survey + marginals (24)
GHA,GHAr102,2629996,655860,IPUMS/DHS: survey + marginals (24)
GHA,GHAr103,4353658,1160731,IPUMS/DHS: survey + marginals (24)
GHA,GHAr104,2288972,548224,IPUMS/DHS: survey + marginals (24)
GHA,GHAr105,2904663,715811,IPUMS/DHS: survey + marginals (24)
GHA,GHAr106,5510290,1334168,IPUMS/DHS: survey + marginals (24)
GHA,GHAr107,2459998,536019,IPUMS/DHS: survey + marginals (24)
GHA,GHAr108,2768972,381603,IPUMS/DHS: survey + marginals (24)
GHA,GHAr109,742518,124482,IPUMS/DHS: survey + marginals (24)
GHA,GHAr110,1084737,192981,IPUMS/DHS: survey + marginals (24)
GIB,GIBt,-99,-99,No data (105)
GIN,GINr101,1210374,169692,IPUMS/DHS: survey + marginals (24)
GIN,GINr102,1888404,271784,IPUMS/DHS: survey + marginals (24)
GIN,GINr103,1064202,144660,IPUMS/DHS: survey + marginals (24)
GIN,GINr104,1627008,178312,IPUMS/DHS: survey + marginals (24)
GIN,GINr105,1675289,244186,IPUMS/DHS: survey + marginals (24)
GIN,GINr106,1075649,179420,IPUMS/DHS: survey + marginals (24)
GIN,GINr107,875853,165161,IPUMS/DHS: survey + marginals (24)
GIN,GINr108,1907822,286014,IPUMS/DHS: survey + marginals (24)
GMB,GMBr101,34460,7319,No data (105)
GMB,GMBr102,409771,84751,No data (105)
GMB,GMBr103,766842,153232,No data (105)
GMB,GMBr104,100527,19033,No data (105)
GMB,GMBr105,236568,44384,No data (105)
GMB,GMBr106,114363,21832,No data (105)
GMB,GMBr107,156152,29640,No data (105)
GMB,GMBr108,267529,50155,No data (105)
GNB,GNBr101,117182,22249,No data (105)
GNB,GNBr102,66770,12708,No data (105)
GNB,GNBr103,289684,53937,No data (105)
GNB,GNBr104,123940,24510,No data (105)
GNB,GNBr105,38088,7366,No data (105)
GNB,GNBr106,192755,36289,No data (105)
GNB,GNBr107,199479,37325,No data (105)
GNB,GNBr108,174936,33076,No data (105)
GNB,GNBr109,534381,110374,No data (105)
GNQ,GNQr101,248289,64814,No data (105)
GNQ,GNQr102,160066,33006,No data (105)
GNQ,GNQr103,230951,48889,No data (105)
GNQ,GNQr104,370286,85759,No data (105)
GNQ,GNQr105,158943,32467,No data (105)
GRC,GRCr101,3802010,1489133,LIS: survey + marginals (38)
GRC,GRCr102,197025,78930,LIS: survey + marginals (38)
GRC,GRCr103,335051,134139,LIS: survey + marginals (38)
GRC,GRCr104,632013,252508,LIS: survey + marginals (38)
GRC,GRCr105,605971,242732,LIS: survey + marginals (38)
GRC,GRCr106,1888989,755830,LIS: survey + marginals (38)
GRC,GRCr107,275003,110346,LIS: survey + marginals (38)
GRC,GRCr108,338017,135563,LIS: survey + marginals (38)
GRC,GRCr109,731959,290899,LIS: survey + marginals (38)
GRC,GRCr110,207007,82242,LIS: survey + marginals (38)
GRC,GRCr111,670990,266555,LIS: survey + marginals (38)
GRC,GRCr112,557024,221110,LIS: survey + marginals (38)
GRC,GRCr113,581983,231081,LIS: survey + marginals (38)
GRD,GRDt,109533,31886,No data (105)
GRL,GRLt,-99,-99,No data (105)
GTM,GTMr101,3064788,713825,LIS: survey + marginals (38)
GTM,GTMr102,1450086,269572,LIS: survey + marginals (38)
GTM,GTMr103,1369959,299997,LIS: survey + marginals (38)
GTM,GTMr104,1362424,299763,LIS: survey + marginals (38)
GTM,GTMr105,1694836,372554,LIS: survey + marginals (38)
GTM,GTMr106,3815653,772147,LIS: survey + marginals (38)
GTM,GTMr107,2214192,427420,LIS: survey + marginals (38)
GTM,GTMr108,594982,125819,LIS: survey + marginals (38)
GUY,GUYr101,14202,3539,No data (105)
GUY,GUYr102,42387,10543,No data (105)
GUY,GUYr103,120329,30616,No data (105)
GUY,GUYr104,338540,88461,No data (105)
GUY,GUYr105,52361,13421,No data (105)
GUY,GUYr106,112077,28511,No data (105)
GUY,GUYr107,12334,2992,No data (105)
GUY,GUYr108,8461,1923,No data (105)
GUY,GUYr109,25683,6042,No data (105)
GUY,GUYr110,38553,10115,No data (105)
HND,HNDr101,447179,109267,No data (105)
HND,HNDr102,337374,78691,No data (105)
HND,HNDr103,561827,128944,No data (105)
HND,HNDr104,414853,92315,No data (105)
HND,HNDr105,1599494,396774,No data (105)
HND,HNDr106,492842,110577,No data (105)
HND,HNDr107,499769,111782,No data (105)
HND,HNDr108,1628012,412667,No data (105)
HND,HNDr109,98922,22020,No data (105)
HND,HNDr110,242571,53149,No data (105)
HND,HNDr111,66697,16348,No data (105)
HND,HNDr112,235744,53169,No data (105)
HND,HNDr113,363328,77840,No data (105)
HND,HNDr114,171360,39031,No data (105)
HND,HNDr115,553435,129425,No data (105)
HND,HNDr116,488497,110569,No data (105)
HND,HNDr117,200362,45846,No data (105)
HND,HNDr118,677359,155963,No data (105)
HRV,HRVr101,799446,338449,No data (105)
HRV,HRVr102,316573,110864,No data (105)
HRV,HRVr103,128853,41609,No data (105)
HRV,HRVr104,171951,60740,No data (105)
HRV,HRVr105,112355,37607,No data (105)
HRV,HRVr106,112548,38542,No data (105)
HRV,HRVr107,113745,36583,No data (105)
HRV,HRVr108,80636,24648,No data (105)
HRV,HRVr109,73428,22800,No data (105)
HRV,HRVr110,151055,47284,No data (105)
HRV,HRVr111,294234,101676,No data (105)
HRV,HRVr112,169213,52926,No data (105)
HRV,HRVr113,121836,40951,No data (105)
HRV,HRVr114,160293,52382,No data (105)
HRV,HRVr115,291657,118470,No data (105)
HRV,HRVr116,47675,15484,No data (105)
HRV,HRVr117,170151,59452,No data (105)
HRV,HRVr118,104302,35392,No data (105)
HRV,HRVr119,453078,165685,No data (105)
HRV,HRVr120,208066,82848,No data (105)
HRV,HRVr121,122222,47479,No data (105)
HTI,HTIr101,3883796,729621,No data (105)
HTI,HTIr102,600284,108275,No data (105)
HTI,HTIr103,1125039,209377,No data (105)
HTI,HTIr104,395254,72342,No data (105)
HTI,HTIr105,1606138,284468,No data (105)
HTI,HTIr106,776207,135657,No data (105)
HTI,HTIr107,810676,147345,No data (105)
HTI,HTIr108,818035,145274,No data (105)
HTI,HTIr109,544935,101168,No data (105)
HUN,HUNr101,2989193,1310438,LIS: survey + marginals (38)
HUN,HUNr102,1062185,407491,LIS: survey + marginals (38)
HUN,HUNr103,984141,366661,LIS: survey + marginals (38)
HUN,HUNr104,904916,440470,LIS: survey + marginals (38)
HUN,HUNr105,1158880,526141,LIS: survey + marginals (38)
HUN,HUNr106,1477003,591446,LIS: survey + marginals (38)
HUN,HUNr107,1267022,561413,LIS: survey + marginals (38)
IDN,IDNr101,4837431,1181224,IPUMS/DHS: survey + marginals (24)
IDN,IDNr102,13721758,3273004,IPUMS/DHS: survey + marginals (24)
IDN,IDNr103,5155388,1256207,IPUMS/DHS: survey + marginals (24)
IDN,IDNr104,7934410,1973802,IPUMS/DHS: survey + marginals (24)
IDN,IDNr105,3309124,844119,IPUMS/DHS: survey + marginals (24)
IDN,IDNr106,7804017,1944721,IPUMS/DHS: survey + marginals (24)
IDN,IDNr107,1846868,479688,IPUMS/DHS: survey + marginals (24)
IDN,IDNr108,8049633,2072484,IPUMS/DHS: survey + marginals (24)
IDN,IDNr109,1411638,356927,IPUMS/DHS: survey + marginals (24)
IDN,IDNr110,9522788,2518573,IPUMS/DHS: survey + marginals (24)
IDN,IDNr111,48336985,12769082,IPUMS/DHS: survey + marginals (24)
IDN,IDNr112,34555029,9375387,IPUMS/DHS: survey + marginals (24)
IDN,IDNr113,3931994,1183279,IPUMS/DHS: survey + marginals (24)
IDN,IDNr114,40434567,11277688,IPUMS/DHS: survey + marginals (24)
IDN,IDNr115,11123436,2947240,IPUMS/DHS: survey + marginals (24)
IDN,IDNr116,4586596,1225414,IPUMS/DHS: survey + marginals (24)
IDN,IDNr117,5153980,1457307,IPUMS/DHS: survey + marginals (24)
IDN,IDNr118,5287378,1174776,IPUMS/DHS: survey + marginals (24)
IDN,IDNr120,4739808,1132683,IPUMS/DHS: survey + marginals (24)
IDN,IDNr121,2295137,605126,IPUMS/DHS: survey + marginals (24)
IDN,IDNr122,3979374,1084956,IPUMS/DHS: survey + marginals (24)
IDN,IDNr123,3672640,915079,IPUMS/DHS: survey + marginals (24)
IDN,IDNr124,2398748,612190,IPUMS/DHS: survey + marginals (24)
IDN,IDNr125,2885046,699226,IPUMS/DHS: survey + marginals (24)
IDN,IDNr126,9692929,2276219,IPUMS/DHS: survey + marginals (24)
IDN,IDNr127,2417221,566526,IPUMS/DHS: survey + marginals (24)
IDN,IDNr128,1161782,298599,IPUMS/DHS: survey + marginals (24)
IDN,IDNr129,2812067,607331,IPUMS/DHS: survey + marginals (24)
IDN,IDNr130,3884094,937586,IPUMS/DHS: survey + marginals (24)
IMN,IMNt,-99,-99,No data (105)
IND,INDr101,63611689,16210705,LIS: survey + marginals (38)
IND,INDr102,31612193,6905317,LIS: survey + marginals (38)
IND,INDr103,110156580,22830410,LIS: survey + marginals (38)
IND,INDr104,2071109,455868,LIS: survey + marginals (38)
IND,INDr105,62990095,13523517,LIS: survey + marginals (38)
IND,INDr106,28490297,5902012,LIS: survey + marginals (38)
IND,INDr107,7129951,1676697,LIS: survey + marginals (38)
IND,INDr109,64768911,14149522,LIS: survey + marginals (38)
IND,INDr110,37195860,9023635,LIS: survey + marginals (38)
IND,INDr111,80926631,17847713,LIS: survey + marginals (38)
IND,INDr112,125201924,27843240,LIS: survey + marginals (38)
IND,INDr113,2423097,422817,LIS: survey + marginals (38)
IND,INDr114,3054155,691438,LIS: survey + marginals (38)
IND,INDr115,1113070,263277,LIS: survey + marginals (38)
IND,INDr116,1694149,400193,LIS: survey + marginals (38)
IND,INDr117,44844458,9670225,LIS: survey + marginals (38)
IND,INDr118,28876195,6165628,LIS: survey + marginals (38)
IND,INDr119,72437241,15041058,LIS: survey + marginals (38)
IND,INDr120,561996,126598,LIS: survey + marginals (38)
IND,INDr121,82055688,21895481,LIS: survey + marginals (38)
IND,INDr122,98297859,23612044,LIS: survey + marginals (38)
IND,INDr123,205538223,40922283,LIS: survey + marginals (38)
IND,INDr124,19849332,3874655,LIS: survey + marginals (38)
IND,INDr125,1196074,274245,LIS: survey + marginals (38)
IND,INDr126,3804081,913447,LIS: survey + marginals (38)
IND,INDr127,13072021,2544193,LIS: survey + marginals (38)
IND,INDr128,39032931,7577576,LIS: survey + marginals (38)
IND,INDr129,31614768,6512774,LIS: survey + marginals (38)
IND,INDr130,40489295,10319584,LIS: survey + marginals (38)
IND,INDr131,790977,171592,LIS: survey + marginals (38)
IND,INDr132,514052,111910,LIS: survey + marginals (38)
IND,INDr133,1430948,328851,LIS: survey + marginals (38)
IND,INDr134,185013,41721,LIS: survey + marginals (38)
IND,INDr135,79500,19500,LIS: survey + marginals (38)
IND,INDr136,-99,-99,LIS: survey + marginals (38)
IRL,IRLr101,412028,157840,LIS: survey + marginals (38)
IRL,IRLr102,289056,106179,LIS: survey + marginals (38)
IRL,IRLr103,448065,171668,LIS: survey + marginals (38)
IRL,IRLr104,1325008,485401,LIS: survey + marginals (38)
IRL,IRLr105,658997,241291,LIS: survey + marginals (38)
IRL,IRLr106,455091,168333,LIS: survey + marginals (38)
IRL,IRLr107,432022,159934,LIS: survey + marginals (38)
IRL,IRLr108,682022,251934,LIS: survey + marginals (38)
IRN,IRNr101,1468877,428243,IPUMS: marginals (5)
IRN,IRNr102,2599198,780769,IPUMS: marginals (5)
IRN,IRNr103,3224567,941920,IPUMS: marginals (5)
IRN,IRNr104,3903953,1104756,IPUMS: marginals (5)
IRN,IRNr105,3257107,847576,IPUMS: marginals (5)
IRN,IRNr106,2048138,548593,IPUMS: marginals (5)
IRN,IRNr107,4722137,1135061,IPUMS: marginals (5)
IRN,IRNr108,4788809,1278089,IPUMS: marginals (5)
IRN,IRNr109,3038181,804274,IPUMS: marginals (5)
IRN,IRNr110,6246183,1724896,IPUMS: marginals (5)
IRN,IRNr111,5087186,1463963,IPUMS: marginals (5)
IRN,IRNr112,2643268,616445,IPUMS: marginals (5)
IRN,IRNr113,1545606,399799,IPUMS: marginals (5)
IRN,IRNr114,1800587,506693,IPUMS: marginals (5)
IRN,IRNr115,950962,243361,IPUMS: marginals (5)
IRN,IRNr116,1853425,474737,IPUMS: marginals (5)
IRN,IRNr117,577466,139234,IPUMS: marginals (5)
IRN,IRNr118,681710,158726,IPUMS: marginals (5)
IRN,IRNr119,978459,241122,IPUMS: marginals (5)
IRN,IRNr120,1053375,290171,IPUMS: marginals (5)
IRN,IRNr121,647782,188972,IPUMS: marginals (5)
IRN,IRNr122,1119719,317093,IPUMS: marginals (5)
IRN,IRNr123,1605174,401616,IPUMS: marginals (5)
IRN,IRNr124,15352048,4496345,IPUMS: marginals (5)
IRN,IRNr125,1277927,334284,IPUMS: marginals (5)
IRN,IRNr126,1193337,323904,IPUMS: marginals (5)
IRN,IRNr127,1263199,355180,IPUMS: marginals (5)
IRN,IRNr128,1861092,487334,IPUMS: marginals (5)
IRN,IRNr129,898971,245734,IPUMS: marginals (5)
IRN,IRNr130,664732,186680,IPUMS: marginals (5)
IRQ,IRQr101,1298314,303276,No data (105)
IRQ,IRQr102,3270428,749823,No data (105)
IRQ,IRQr103,1987177,469477,No data (105)
IRQ,IRQr104,1462634,341394,No data (105)
IRQ,IRQr105,2535532,589754,No data (105)
IRQ,IRQr106,1798552,413512,No data (105)
IRQ,IRQr107,1476528,340610,No data (105)
IRQ,IRQr108,6424240,1519329,No data (105)
IRQ,IRQr109,1796177,412859,No data (105)
IRQ,IRQr110,1069210,244659,No data (105)
IRQ,IRQr111,1228749,274671,No data (105)
IRQ,IRQr112,1233673,284418,No data (105)
IRQ,IRQr113,1390227,315039,No data (105)
IRQ,IRQr114,1126025,256092,No data (105)
IRQ,IRQr115,1019771,227395,No data (105)
IRQ,IRQr116,2257679,514582,No data (105)
IRQ,IRQr117,1342423,298494,No data (105)
IRQ,IRQr118,2853753,649759,No data (105)
ISL,ISLt,330865,135305,LIS: survey + marginals (38)
ISR,ISRt,8380807,2544739,LIS: survey + marginals (38)
ITA,ITAr101,4414018,1917855,LIS: survey + marginals (38)
ITA,ITAr102,128013,56272,LIS: survey + marginals (38)
ITA,ITAr103,1576949,685544,LIS: survey + marginals (38)
ITA,ITAr104,10005373,4077837,LIS: survey + marginals (38)
ITA,ITAr105,1329666,529667,LIS: survey + marginals (38)
ITA,ITAr106,313003,99730,LIS: survey + marginals (38)
ITA,ITAr107,5855944,2047299,LIS: survey + marginals (38)
ITA,ITAr108,4085499,1560981,LIS: survey + marginals (38)
ITA,ITAr109,574996,238211,LIS: survey + marginals (38)
ITA,ITAr110,1973997,760801,LIS: survey + marginals (38)
ITA,ITAr111,5083873,1958300,LIS: survey + marginals (38)
ITA,ITAr112,1661018,631116,LIS: survey + marginals (38)
ITA,ITAr114,538097,198296,LIS: survey + marginals (38)
ITA,ITAr115,4920209,1893235,LIS: survey + marginals (38)
ITA,ITAr116,1224484,395152,LIS: survey + marginals (38)
ITA,ITAr117,4448915,1873055,LIS: survey + marginals (38)
ITA,ITAr118,3748061,1496771,LIS: survey + marginals (38)
ITA,ITAr119,893097,311853,LIS: survey + marginals (38)
ITA,ITAr120,1547076,642034,LIS: survey + marginals (38)
ITA,ITAr121,5891034,2667855,LIS: survey + marginals (38)
JAM,JAMr101,715614,199998,No data (105)
JAM,JAMr102,302126,77133,No data (105)
JAM,JAMr103,743233,202199,No data (105)
JAM,JAMr104,242522,60593,No data (105)
JAM,JAMr105,425401,109364,No data (105)
JAM,JAMr106,461676,121221,No data (105)
JEY,JEYt,-99,-99,No data (105)
JOR,JORr101,3632967,962223,No data (105)
JOR,JORr102,568942,145260,No data (105)
JOR,JORr103,1305016,326568,No data (105)
JOR,JORr104,229459,57397,No data (105)
JOR,JORr105,1679232,426082,No data (105)
JOR,JORr106,520575,124093,No data (105)
JOR,JORr107,270718,68404,No data (105)
JOR,JORr108,203750,51915,No data (105)
JOR,JORr109,358767,93796,No data (105)
JOR,JORr110,131320,33404,No data (105)
JOR,JORr111,155580,37565,No data (105)
JOR,JORr112,209796,53666,No data (105)
JPN,JPNr101,5388271,2477625,LIS: survey + marginals (38)
JPN,JPNr102,8989467,3659066,LIS: survey + marginals (38)
JPN,JPNr103,6867359,3048402,LIS: survey + marginals (38)
JPN,JPNr104,39080009,17345532,LIS: survey + marginals (38)
JPN,JPNr105,5316736,1976047,LIS: survey + marginals (38)
JPN,JPNr106,15040214,5496348,LIS: survey + marginals (38)
JPN,JPNr107,20738742,8211336,LIS: survey + marginals (38)
JPN,JPNr108,7442061,2956497,LIS: survey + marginals (38)
JPN,JPNr109,3846843,1541222,LIS: survey + marginals (38)
JPN,JPNr110,14458407,6107372,LIS: survey + marginals (38)
KAZ,KAZr101,-99,-99,No data (105)
KAZ,KAZr102,6233793,1771795,No data (105)
KAZ,KAZr103,3046174,896322,No data (105)
KAZ,KAZr104,1430071,476756,No data (105)
KAZ,KAZr105,4244256,1360932,No data (105)
KAZ,KAZr106,1271528,363093,No data (105)
KEN,KENr101,4124815,1314003,IPUMS/DHS: survey + marginals (24)
KEN,KENr102,5336529,1502884,IPUMS/DHS: survey + marginals (24)
KEN,KENr103,4403320,1004554,IPUMS/DHS: survey + marginals (24)
KEN,KENr104,6855645,1583168,IPUMS/DHS: survey + marginals (24)
KEN,KENr105,6550056,1457872,IPUMS/DHS: survey + marginals (24)
KEN,KENr106,12241420,2677879,IPUMS/DHS: survey + marginals (24)
KEN,KENr107,5410433,1155082,IPUMS/DHS: survey + marginals (24)
KEN,KENr108,1390819,201052,IPUMS/DHS: survey + marginals (24)
KGZ,KGZr101,858243,247087,IPUMS/DHS: survey + marginals (24)
KGZ,KGZr102,454280,109484,IPUMS/DHS: survey + marginals (24)
KGZ,KGZr103,998074,260856,IPUMS/DHS: survey + marginals (24)
KGZ,KGZr104,284671,58026,IPUMS/DHS: survey + marginals (24)
KGZ,KGZr105,1121057,214624,IPUMS/DHS: survey + marginals (24)
KGZ,KGZr106,1446707,273644,IPUMS/DHS: survey + marginals (24)
KGZ,KGZr107,280528,57103,IPUMS/DHS: survey + marginals (24)
KGZ,KGZr108,471697,94001,IPUMS/DHS: survey + marginals (24)
KHM,KHMr101,666670,149291,IPUMS/DHS: survey + marginals (24)
KHM,KHMr102,2000589,463384,IPUMS/DHS: survey + marginals (24)
KHM,KHMr103,547488,119446,IPUMS/DHS: survey + marginals (24)
KHM,KHMr104,947846,202342,IPUMS/DHS: survey + marginals (24)
KHM,KHMr105,764663,167152,IPUMS/DHS: survey + marginals (24)
KHM,KHMr106,1202078,256388,IPUMS/DHS: survey + marginals (24)
KHM,KHMr107,85818,18211,IPUMS/DHS: survey + marginals (24)
KHM,KHMr108,1455956,310421,IPUMS/DHS: survey + marginals (24)
KHM,KHMr109,1053918,236178,IPUMS/DHS: survey + marginals (24)
KHM,KHMr110,568662,127595,IPUMS/DHS: survey + marginals (24)
KHM,KHMr111,578683,131730,IPUMS/DHS: survey + marginals (24)
KHM,KHMr112,960932,210474,IPUMS/DHS: survey + marginals (24)
KHM,KHMr113,1207338,252239,IPUMS/DHS: survey + marginals (24)
KHM,KHMr114,880290,197774,IPUMS/DHS: survey + marginals (24)
KHM,KHMr115,831384,175824,IPUMS/DHS: survey + marginals (24)
KHM,KHMr116,318034,65594,IPUMS/DHS: survey + marginals (24)
KHM,KHMr117,1264186,266966,IPUMS/DHS: survey + marginals (24)
KIR,KIRt,-99,-99,No data (105)
KNA,KNAt,-99,-99,No data (105)
KOR,KORr101,23056889,9864209,No data (105)
KOR,KORr102,1518899,646282,No data (105)
KOR,KORr103,12482600,4523467,No data (105)
KOR,KORr104,618647,254643,No data (105)
KOR,KORr105,6001358,2490482,No data (105)
KOR,KORr106,3641424,1492663,No data (105)
KOR,KORr107,3720699,1536522,No data (105)
XKO,KSVr101,-99,-99,No data (105)
XKO,KSVr102,-99,-99,No data (105)
XKO,KSVr103,-99,-99,No data (105)
XKO,KSVr104,-99,-99,No data (105)
XKO,KSVr105,-99,-99,No data (105)
XKO,KSVr106,-99,-99,No data (105)
XKO,KSVr107,-99,-99,No data (105)
KWT,KWTr101,2607263,834768,No data (105)
KWT,KWTr102,807593,268536,No data (105)
KWT,KWTr103,420701,130975,No data (105)
LAO,LAOr101,811059,219336,No data (105)
LAO,LAOr102,208376,46016,No data (105)
LAO,LAOr103,188822,43242,No data (105)
LAO,LAOr104,356451,79241,No data (105)
LAO,LAOr105,192888,44053,No data (105)
LAO,LAOr106,468889,106850,No data (105)
LAO,LAOr107,323119,73394,No data (105)
LAO,LAOr108,396751,94662,No data (105)
LAO,LAOr109,282298,66381,No data (105)
LAO,LAOr110,539326,127852,No data (105)
LAO,LAOr111,281781,67782,No data (105)
LAO,LAOr112,387684,88248,No data (105)
LAO,LAOr113,972768,212219,No data (105)
LAO,LAOr114,439168,94550,No data (105)
LAO,LAOr115,124594,28484,No data (105)
LAO,LAOr116,633674,144510,No data (105)
LAO,LAOr117,133801,30675,No data (105)
LBN,LBNr101,696685,172715,No data (105)
LBN,LBNr102,2520716,664649,No data (105)
LBN,LBNr103,1404406,361353,No data (105)
LBN,LBNr104,805572,226258,No data (105)
LBN,LBNr105,1104748,303515,No data (105)
LBR,LBRr101,121182,26110,IPUMS/DHS: survey + marginals (24)
LBR,LBRr102,453444,96647,IPUMS/DHS: survey + marginals (24)
LBR,LBRr103,97107,18184,IPUMS/DHS: survey + marginals (24)
LBR,LBRr104,223755,47753,IPUMS/DHS: survey + marginals (24)
LBR,LBRr105,184838,36391,IPUMS/DHS: survey + marginals (24)
LBR,LBRr106,90592,19456,IPUMS/DHS: survey + marginals (24)
LBR,LBRr107,121823,20119,IPUMS/DHS: survey + marginals (24)
LBR,LBRr108,240436,44973,IPUMS/DHS: survey + marginals (24)
LBR,LBRr109,327961,70414,IPUMS/DHS: survey + marginals (24)
LBR,LBRr110,138608,22808,IPUMS/DHS: survey + marginals (24)
LBR,LBRr111,1432856,306502,IPUMS/DHS: survey + marginals (24)
LBR,LBRr112,575543,102597,IPUMS/DHS: survey + marginals (24)
LBR,LBRr113,74547,12290,IPUMS/DHS: survey + marginals (24)
LBR,LBRr114,58421,9666,IPUMS/DHS: survey + marginals (24)
LBR,LBRr115,113600,18665,IPUMS/DHS: survey + marginals (24)
LBY,LBYr101,1863338,442185,No data (105)
LBY,LBYr102,4071222,980893,No data (105)
LBY,LBYr103,483942,115893,No data (105)
LCA,LCAt,-99,-99,No data (105)
LIE,LIEt,37442,15668,No data (105)
LKA,LKAt,20970228,6424399,No data (105)
LSO,LSOr101,122566,27425,IPUMS/DHS: survey + marginals (24)
LSO,LSOr102,318552,74082,IPUMS/DHS: survey + marginals (24)
LSO,LSOr103,253909,59392,IPUMS/DHS: survey + marginals (24)
LSO,LSOr104,488301,129272,IPUMS/DHS: survey + marginals (24)
LSO,LSOr105,188400,43453,IPUMS/DHS: survey + marginals (24)
LSO,LSOr106,197986,43960,IPUMS/DHS: survey + marginals (24)
LSO,LSOr107,121887,27024,IPUMS/DHS: survey + marginals (24)
LSO,LSOr108,72472,15192,IPUMS/DHS: survey + marginals (24)
LSO,LSOr109,118288,25258,IPUMS/DHS: survey + marginals (24)
LSO,LSOr110,140152,30241,IPUMS/DHS: survey + marginals (24)
LTU,LTUr101,147001,67302,LIS: survey + marginals (38)
LTU,LTUr102,581980,268698,LIS: survey + marginals (38)
LTU,LTUr103,325971,144494,LIS: survey + marginals (38)
LTU,LTUr104,150979,62839,LIS: survey + marginals (38)
LTU,LTUr105,235014,110180,LIS: survey + marginals (38)
LTU,LTUr106,283958,131290,LIS: survey + marginals (38)
LTU,LTUr107,103000,49924,LIS: survey + marginals (38)
LTU,LTUr108,142980,60610,LIS: survey + marginals (38)
LTU,LTUr109,140964,72106,LIS: survey + marginals (38)
LTU,LTUr110,794222,363008,LIS: survey + marginals (38)
LUX,LUXt,569962,220050,LIS: survey + marginals (38)
LVA,LVAr101,640814,264921,No data (105)
LVA,LVAr103,197530,68294,No data (105)
LVA,LVAr104,252880,90954,No data (105)
LVA,LVAr105,240789,81399,No data (105)
LVA,LVAr106,279041,88609,No data (105)
MAR,MARr101,8228140,1937595,No data (105)
MAR,MARr102,4107264,946471,No data (105)
MAR,MARr103,6695110,1598091,No data (105)
MAR,MARr104,2862907,634681,No data (105)
MAR,MARr105,3008171,681279,No data (105)
MAR,MARr106,3369407,740479,No data (105)
NA,MARr107,6406399,1443791,No data (105)
MCO,MCOt,-99,-99,No data (105)
MDA,MDAr101,893921,237290,No data (105)
MDA,MDAr102,855149,224757,No data (105)
MDA,MDAr103,543905,148248,No data (105)
MDA,MDAr104,541717,174236,No data (105)
MDG,MDGr101,3415753,794079,No data (105)
MDG,MDGr102,2058649,435573,No data (105)
MDG,MDGr103,908366,190234,No data (105)
MDG,MDGr104,678936,140360,No data (105)
MDG,MDGr105,1312540,276187,No data (105)
MDG,MDGr106,832206,176424,No data (105)
MDG,MDGr107,1319154,260620,No data (105)
MDG,MDGr108,372298,73191,No data (105)
MDG,MDGr109,995423,194807,No data (105)
MDG,MDGr110,1364766,292378,No data (105)
MDG,MDGr111,1078602,229800,No data (105)
MDG,MDGr112,1229968,262033,No data (105)
MDG,MDGr113,772442,164057,No data (105)
MDG,MDGr114,1395059,297145,No data (105)
MDG,MDGr115,364109,73568,No data (105)
MDG,MDGr116,265696,52615,No data (105)
MDG,MDGr117,1701587,332986,No data (105)
MDG,MDGr118,952851,186476,No data (105)
MDG,MDGr119,777100,151925,No data (105)
MDG,MDGr120,765648,151927,No data (105)
MDG,MDGr121,788275,175200,No data (105)
MDG,MDGr122,885996,192201,No data (105)
MEX,MEXr101,1314485,341639,LIS: survey + marginals (38)
MEX,MEXr102,3422960,996700,LIS: survey + marginals (38)
MEX,MEXr103,701019,200438,LIS: survey + marginals (38)
MEX,MEXr104,904234,241759,LIS: survey + marginals (38)
MEX,MEXr105,2998638,802412,LIS: survey + marginals (38)
MEX,MEXr106,729012,214407,LIS: survey + marginals (38)
MEX,MEXr107,5312967,1287513,LIS: survey + marginals (38)
MEX,MEXr108,3692011,1051686,LIS: survey + marginals (38)
MEX,MEXr109,9100914,2679751,LIS: survey + marginals (38)
MEX,MEXr110,1811349,485357,LIS: survey + marginals (38)
MEX,MEXr111,5834725,1492826,LIS: survey + marginals (38)
MEX,MEXr112,3567642,904387,LIS: survey + marginals (38)
MEX,MEXr113,2891979,797316,LIS: survey + marginals (38)
MEX,MEXr114,8037887,2095673,LIS: survey + marginals (38)
MEX,MEXr115,16669422,4196582,LIS: survey + marginals (38)
MEX,MEXr116,4703729,1230025,LIS: survey + marginals (38)
MEX,MEXr117,1938151,547731,LIS: survey + marginals (38)
MEX,MEXr118,1273710,357216,LIS: survey + marginals (38)
MEX,MEXr119,5152066,1418063,LIS: survey + marginals (38)
MEX,MEXr120,4068730,1020483,LIS: survey + marginals (38)
MEX,MEXr121,6200991,1582328,LIS: survey + marginals (38)
MEX,MEXr122,2138023,565179,LIS: survey + marginals (38)
MEX,MEXr123,1519795,412639,LIS: survey + marginals (38)
MEX,MEXr124,2752962,720747,LIS: survey + marginals (38)
MEX,MEXr125,3011705,837627,LIS: survey + marginals (38)
MEX,MEXr126,2863807,816806,LIS: survey + marginals (38)
MEX,MEXr127,2401063,645764,LIS: survey + marginals (38)
MEX,MEXr128,3485085,988638,LIS: survey + marginals (38)
MEX,MEXr129,1293664,314517,LIS: survey + marginals (38)
MEX,MEXr130,8268778,2307417,LIS: survey + marginals (38)
MEX,MEXr131,2140041,573421,LIS: survey + marginals (38)
MEX,MEXr132,1634079,485428,LIS: survey + marginals (38)
MKD,MKDr101,612995,180459,No data (105)
MKD,MKDr102,275722,77081,No data (105)
MKD,MKDr103,149920,40801,No data (105)
MKD,MKDr104,206525,53936,No data (105)
MKD,MKDr105,188315,51962,No data (105)
MKD,MKDr106,182062,46143,No data (105)
MKD,MKDr107,289940,77454,No data (105)
MKD,MKDr108,173936,46336,No data (105)
MLI,MLIr101,2344347,368372,IPUMS/DHS: survey + marginals (24)
MLI,MLIr102,3268160,506371,IPUMS/DHS: survey + marginals (24)
MLI,MLIr103,3411907,535919,IPUMS/DHS: survey + marginals (24)
MLI,MLIr104,2969906,500119,IPUMS/DHS: survey + marginals (24)
MLI,MLIr105,2108099,396906,IPUMS/DHS: survey + marginals (24)
MLI,MLIr106,724809,132396,IPUMS/DHS: survey + marginals (24)
MLI,MLIr107,569581,98574,IPUMS/DHS: survey + marginals (24)
MLI,MLIr108,2196998,355546,IPUMS/DHS: survey + marginals (24)
MMR,MMRr101,1578345,319545,IPUMS/DHS: survey + marginals (24)
MMR,MMRr102,282987,61286,IPUMS/DHS: survey + marginals (24)
MMR,MMRr103,1510469,330009,IPUMS/DHS: survey + marginals (24)
MMR,MMRr104,508106,103985,IPUMS/DHS: survey + marginals (24)
MMR,MMRr105,5713411,1255746,IPUMS/DHS: survey + marginals (24)
MMR,MMRr106,1354743,292547,IPUMS/DHS: survey + marginals (24)
MMR,MMRr107,5066770,1227319,IPUMS/DHS: survey + marginals (24)
MMR,MMRr108,4192695,1023922,IPUMS/DHS: survey + marginals (24)
MMR,MMRr109,7171188,1658754,IPUMS/DHS: survey + marginals (24)
MMR,MMRr110,2050951,455558,IPUMS/DHS: survey + marginals (24)
MMR,MMRr111,2976038,683099,IPUMS/DHS: survey + marginals (24)
MMR,MMRr112,6885119,1579879,IPUMS/DHS: survey + marginals (24)
MMR,MMRr113,5806009,1253111,IPUMS/DHS: survey + marginals (24)
MMR,MMRr114,6984237,1720601,IPUMS/DHS: survey + marginals (24)
MNE,MNEr101,162950,52336,No data (105)
MNE,MNEr102,312447,110726,No data (105)
MNE,MNEr103,146854,49488,No data (105)
MNG,MNGr101,384161,95486,No data (105)
MNG,MNGr102,565772,140515,No data (105)
MNG,MNGr103,490796,130377,No data (105)
MNG,MNGr104,218182,54973,No data (105)
MNG,MNGr105,1339687,410313,No data (105)
MOZ,MOZr101,1528781,354453,IPUMS/DHS: survey + marginals (24)
MOZ,MOZr102,2069099,510935,IPUMS/DHS: survey + marginals (24)
MOZ,MOZr103,4126351,1015914,IPUMS/DHS: survey + marginals (24)
MOZ,MOZr104,4926382,1158035,IPUMS/DHS: survey + marginals (24)
MOZ,MOZr105,2820761,629548,IPUMS/DHS: survey + marginals (24)
MOZ,MOZr106,1733214,352165,IPUMS/DHS: survey + marginals (24)
MOZ,MOZr107,2337900,486513,IPUMS/DHS: survey + marginals (24)
MOZ,MOZr108,1569290,361058,IPUMS/DHS: survey + marginals (24)
MOZ,MOZr109,1471375,307002,IPUMS/DHS: survey + marginals (24)
MOZ,MOZr110,1703661,380652,IPUMS/DHS: survey + marginals (24)
MOZ,MOZr111,1353580,270680,IPUMS/DHS: survey + marginals (24)
MRT,MRTr101,438449,79007,IPUMS: marginals (5)
MRT,MRTr102,314672,57384,IPUMS: marginals (5)
MRT,MRTr103,431037,79708,IPUMS: marginals (5)
MRT,MRTr104,358951,63692,IPUMS: marginals (5)
MRT,MRTr105,381898,73089,IPUMS: marginals (5)
MRT,MRTr106,1432613,286007,IPUMS: marginals (5)
MRT,MRTr107,95226,19698,IPUMS: marginals (5)
MRT,MRTr108,131999,30167,IPUMS: marginals (5)
MRT,MRTr109,107894,21788,IPUMS: marginals (5)
MRT,MRTr110,287798,51420,IPUMS: marginals (5)
MRT,MRTr111,65590,14229,IPUMS: marginals (5)
MRT,MRTr112,10003,2139,IPUMS: marginals (5)
MUS,MUSr101,588758,163104,No data (105)
MUS,MUSr102,634694,183626,No data (105)
MUS,MUSr103,38968,10756,No data (105)
MUS,MUSr104,-99,-99,No data (105)
MWI,MWIr101,1170400,267541,IPUMS/DHS: survey + marginals (24)
MWI,MWIr102,727567,146357,IPUMS/DHS: survey + marginals (24)
MWI,MWIr103,615550,140334,IPUMS/DHS: survey + marginals (24)
MWI,MWIr104,1063670,237666,IPUMS/DHS: survey + marginals (24)
MWI,MWIr105,1027433,198935,IPUMS/DHS: survey + marginals (24)
MWI,MWIr106,471443,103354,IPUMS/DHS: survey + marginals (24)
MWI,MWIr107,725946,170930,IPUMS/DHS: survey + marginals (24)
MWI,MWIr108,871626,207694,IPUMS/DHS: survey + marginals (24)
MWI,MWIr109,2367947,511882,IPUMS/DHS: survey + marginals (24)
MWI,MWIr110,705701,166990,IPUMS/DHS: survey + marginals (24)
MWI,MWIr111,987759,199445,IPUMS/DHS: survey + marginals (24)
MWI,MWIr112,3278289,704786,IPUMS/DHS: survey + marginals (24)
MWI,MWIr113,2273454,513223,IPUMS/DHS: survey + marginals (24)
MWI,MWIr114,-99,-99,IPUMS/DHS: survey + marginals (24)
MYS,MYSr101,3509729,1162661,No data (105)
MYS,MYSr102,2152618,669786,No data (105)
MYS,MYSr103,1748461,504584,No data (105)
MYS,MYSr104,809448,275861,No data (105)
MYS,MYSr105,1128460,376374,No data (105)
MYS,MYSr106,1686942,517895,No data (105)
MYS,MYSr107,1679321,601460,No data (105)
MYS,MYSr108,2697680,859720,No data (105)
MYS,MYSr109,264304,80787,No data (105)
MYS,MYSr110,5401665,2085656,No data (105)
MYS,MYSr111,1207288,366896,No data (105)
MYS,MYSr112,3393672,866290,No data (105)
MYS,MYSr113,2723905,736109,No data (105)
MYS,MYSr114,1774716,689449,No data (105)
MYS,MYSr115,92640,26899,No data (105)
NAM,NAMr101,120180,27221,No data (105)
NAM,NAMr102,170413,43540,No data (105)
NAM,NAMr103,81205,19974,No data (105)
NAM,NAMr104,82502,20760,No data (105)
NAM,NAMr105,430532,116359,No data (105)
NAM,NAMr106,71143,15888,No data (105)
NAM,NAMr107,272087,59319,No data (105)
NAM,NAMr108,235786,50387,No data (105)
NAM,NAMr109,64975,14636,No data (105)
NAM,NAMr110,268316,60403,No data (105)
NAM,NAMr111,182220,44599,No data (105)
NAM,NAMr112,193532,43848,No data (105)
NAM,NAMr113,142005,33362,No data (105)
NER,NERr101,386650,75726,No data (105)
NER,NERr102,591735,112045,No data (105)
NER,NERr103,2425500,451798,No data (105)
NER,NERr104,4474788,838597,No data (105)
NER,NERr105,3666839,700317,No data (105)
NER,NERr106,4354533,816483,No data (105)
NER,NERr107,4101554,767954,No data (105)
NGA,NGAr101,3745945,795588,No data (105)
NGA,NGAr102,4949683,1139852,No data (105)
NGA,NGAr103,6350147,1117826,No data (105)
NGA,NGAr104,2887886,645306,No data (105)
NGA,NGAr105,5725544,1135510,No data (105)
NGA,NGAr106,6515836,1185570,No data (105)
NGA,NGAr107,2892934,600954,No data (105)
NGA,NGAr108,3876108,730522,No data (105)
NGA,NGAr109,4039402,864842,No data (105)
NGA,NGAr110,9681611,1832870,No data (105)
NGA,NGAr111,14568003,2578882,No data (105)
NGA,NGAr112,9040273,1575533,No data (105)
NGA,NGAr113,2897264,615012,No data (105)
NGA,NGAr114,9479963,2162598,No data (105)
NGA,NGAr115,7173676,1331215,No data (105)
NGA,NGAr116,4039437,864480,No data (105)
NGA,NGAr117,3310538,698915,No data (105)
NGA,NGAr118,6628745,1370868,No data (105)
NGA,NGAr119,3497896,686740,No data (105)
NGA,NGAr120,5273407,1160822,No data (105)
NGA,NGAr121,4963541,879569,No data (105)
NGA,NGAr122,2461503,526834,No data (105)
NGA,NGAr123,3985199,888046,No data (105)
NGA,NGAr124,3678998,774403,No data (105)
NGA,NGAr125,6621215,1163001,No data (105)
NGA,NGAr126,5830405,1029359,No data (105)
NGA,NGAr127,2959129,610990,No data (105)
NGA,NGAr128,3549684,790784,No data (105)
NGA,NGAr129,3727623,695278,No data (105)
NGA,NGAr130,5544423,979719,No data (105)
NGA,NGAr131,1503914,336972,No data (105)
NGA,NGAr132,4364697,851503,No data (105)
NGA,NGAr133,1674937,370365,No data (105)
NGA,NGAr134,3125351,560323,No data (105)
NGA,NGAr135,2966348,591672,No data (105)
NGA,NGAr136,6287128,1107020,No data (105)
NGA,NGAr137,1344139,319667,No data (105)
NIC,NICr101,1183424,303833,No data (105)
NIC,NICr102,1869503,430530,No data (105)
NIC,NICr103,743857,162237,No data (105)
NLD,NLDr101,584071,249418,No data (105)
NLD,NLDr102,646035,274003,No data (105)
NLD,NLDr103,489021,207401,No data (105)
NLD,NLDr104,1142087,483978,No data (105)
NLD,NLDr105,2030901,861904,No data (105)
NLD,NLDr106,402994,171369,No data (105)
NLD,NLDr107,1269089,541125,No data (105)
NLD,NLDr108,2773021,1182048,No data (105)
NLD,NLDr109,3610756,1535104,No data (105)
NLD,NLDr110,380961,161715,No data (105)
NLD,NLDr111,2493944,1061144,No data (105)
NLD,NLDr112,1117052,472800,No data (105)
NOR,NORr101,1242452,533453,No data (105)
NOR,NORr102,383874,164578,No data (105)
NOR,NORr103,980463,419054,No data (105)
NOR,NORr104,764760,327608,No data (105)
NOR,NORr105,887624,380851,No data (105)
NOR,NORr106,447786,192263,No data (105)
NOR,NORr107,481734,206480,No data (105)
NPL,NPLr101,6248087,1343719,IPUMS/DHS: survey + marginals (24)
NPL,NPLr102,9552825,1985902,IPUMS/DHS: survey + marginals (24)
NPL,NPLr103,5304797,1170879,IPUMS/DHS: survey + marginals (24)
NPL,NPLr104,3410339,685648,IPUMS/DHS: survey + marginals (24)
NPL,NPLr105,2452980,467236,IPUMS/DHS: survey + marginals (24)
NZL,NZLr101,168403,69107,No data (105)
NZL,NZLr102,1570182,665840,No data (105)
NZL,NZLr103,439337,185483,No data (105)
NZL,NZLr104,287002,121128,No data (105)
NZL,NZLr105,47364,18771,No data (105)
NZL,NZLr106,160024,66407,No data (105)
NZL,NZLr107,115760,48587,No data (105)
NZL,NZLr108,234614,96840,No data (105)
NZL,NZLr109,496891,210738,No data (105)
NZL,NZLr110,99373,41606,No data (105)
NZL,NZLr111,45355,18827,No data (105)
NZL,NZLr112,32648,13277,No data (105)
NZL,NZLr113,586418,247913,No data (105)
NZL,NZLr114,214991,90758,No data (105)
NZL,NZLr115,97359,40283,No data (105)
NZL,NZLr116,-99,-99,No data (105)
OMN,OMNt,4267180,1433293,No data (105)
PAK,PAKr101,98146541,20935302,No data (105)
PAK,PAKr102,42517215,9019077,No data (105)
PAK,PAKr103,26186909,5557321,No data (105)
PAK,PAKr104,9415583,1860779,No data (105)
PAK,PAKr105,1205303,306457,No data (105)
Z06,PAKr106,8614768,1867262,No data (105)
Z06,PAKr107,23034504,5222458,No data (105)
PAK,PAKr108,3612496,724451,No data (105)
PAN,PANr101,151654,41709,No data (105)
PAN,PANr102,260075,78437,No data (105)
PAN,PANr103,274590,93218,No data (105)
PAN,PANr104,459618,150140,No data (105)
PAN,PANr105,54097,13999,No data (105)
PAN,PANr106,122552,39761,No data (105)
PAN,PANr107,98476,31331,No data (105)
PAN,PANr108,2044922,760321,No data (105)
PAN,PANr109,252882,71430,No data (105)
PAN,PANr110,41912,9878,No data (105)
PAN,PANr111,11783,2819,No data (105)
PAN,PANr112,195816,45699,No data (105)
PER,PERr101,6545555,1769071,LIS: survey (4)
PER,PERr102,2844988,732221,LIS: survey (4)
PER,PERr103,3464332,890219,LIS: survey (4)
PER,PERr104,3397325,1036270,LIS: survey (4)
PER,PERr105,11092874,3808965,LIS: survey (4)
PER,PERr106,3124947,827558,LIS: survey (4)
PHL,PHLr101,14851905,4390461,No data (105)
PHL,PHLr102,1823238,505668,No data (105)
PHL,PHLr103,5255314,1404831,No data (105)
PHL,PHLr104,3691599,961355,No data (105)
PHL,PHLr105,10387817,2790734,No data (105)
PHL,PHLr106,14635147,4070531,No data (105)
PHL,PHLr107,2651944,671509,No data (105)
PHL,PHLr108,6116676,1565396,No data (105)
PHL,PHLr109,7108209,1820368,No data (105)
PHL,PHLr110,6729032,1739245,No data (105)
PHL,PHLr111,4296351,1107375,No data (105)
PHL,PHLr112,3886611,992423,No data (105)
PHL,PHLr113,4498798,1151032,No data (105)
PHL,PHLr114,5379811,1390170,No data (105)
PHL,PHLr115,4849203,1212618,No data (105)
PHL,PHLr116,2845075,734170,No data (105)
PHL,PHLr117,3115109,716683,No data (105)
PNG,PNGr101,192067,42524,No data (105)
PNG,PNGr102,147321,31778,No data (105)
PNG,PNGr103,309866,68782,No data (105)
PNG,PNGr104,229700,60516,No data (105)
PNG,PNGr105,421744,92920,No data (105)
PNG,PNGr106,224054,48988,No data (105)
PNG,PNGr107,596823,124548,No data (105)
PNG,PNGr108,301702,63073,No data (105)
PNG,PNGr109,385005,87242,No data (105)
PNG,PNGr110,535755,118892,No data (105)
PNG,PNGr111,674086,145479,No data (105)
PNG,PNGr112,795881,180290,No data (105)
PNG,PNGr113,561685,122979,No data (105)
PNG,PNGr114,477273,104089,No data (105)
PNG,PNGr115,304837,66052,No data (105)
PNG,PNGr116,74841,17258,No data (105)
PNG,PNGr117,228351,51995,No data (105)
PNG,PNGr118,290238,66205,No data (105)
PNG,PNGr119,281217,64019,No data (105)
PNG,PNGr120,292921,66592,No data (105)
PNG,PNGr121,471687,94978,No data (105)
PNG,PNGr122,310215,67791,No data (105)
POL,POLr101,2468275,912672,LIS: survey + marginals (38)
POL,POLr102,5275339,1962821,LIS: survey + marginals (38)
POL,POLr103,3330119,1170125,LIS: survey + marginals (38)
POL,POLr104,4522101,1699179,LIS: survey + marginals (38)
POL,POLr105,2117016,728544,LIS: survey + marginals (38)
POL,POLr106,2101082,662981,LIS: survey + marginals (38)
POL,POLr107,1244968,422493,LIS: survey + marginals (38)
POL,POLr108,1176074,439006,LIS: survey + marginals (38)
POL,POLr109,3431923,1137612,LIS: survey + marginals (38)
POL,POLr110,1693199,649241,LIS: survey + marginals (38)
POL,POLr111,1006321,361774,LIS: survey + marginals (38)
POL,POLr112,2870031,1094995,LIS: survey + marginals (38)
POL,POLr113,986874,355630,LIS: survey + marginals (38)
POL,POLr114,2061918,744279,LIS: survey + marginals (38)
POL,POLr115,1424866,535203,LIS: survey + marginals (38)
POL,POLr116,2276939,822466,LIS: survey + marginals (38)
PRK,PRKt,-99,-99,No data (105)
PRT,PRTr101,3612957,1329858,No data (105)
PRT,PRTr102,441644,163475,No data (105)
PRT,PRTr103,2260060,867017,No data (105)
PRT,PRTr104,2811109,1159284,No data (105)
PRT,PRTr105,728779,264805,No data (105)
PRT,PRTr106,246082,78542,No data (105)
PRT,PRTr107,257520,84829,No data (105)
PRY,PRYr101,1202053,295511,LIS: survey + marginals (38)
PRY,PRYr102,1554108,393823,LIS: survey + marginals (38)
PRY,PRYr103,694678,177047,LIS: survey + marginals (38)
PRY,PRYr104,885300,238659,LIS: survey + marginals (38)
PRY,PRYr105,2353018,581599,LIS: survey + marginals (38)
PSE,PSEr101,923121,237903,LIS: survey (4)
PSE,PSEr102,400266,103949,LIS: survey (4)
PSE,PSEr103,387531,100416,LIS: survey (4)
PSE,PSEr104,814389,203286,LIS: survey (4)
PSE,PSEr105,958327,234607,LIS: survey (4)
PSE,PSEr106,786865,197305,LIS: survey (4)
PYF,PYFt,-99,-99,No data (105)
QAT,QATt,2565508,954326,No data (105)
ROU,ROUr101,3264056,1199497,IPUMS: marginals (5)
ROU,ROUr102,2480982,913217,IPUMS: marginals (5)
ROU,ROUr103,3046380,1068601,IPUMS: marginals (5)
ROU,ROUr104,2004263,726393,IPUMS: marginals (5)
ROU,ROUr105,1807003,669417,IPUMS: marginals (5)
ROU,ROUr106,2581143,929973,IPUMS: marginals (5)
ROU,ROUr107,2345883,850220,IPUMS: marginals (5)
ROU,ROUr108,2240661,907099,IPUMS: marginals (5)
RUS,RUSr101,38148581,15582263,LIS: survey + marginals (38)
RUS,RUSr102,16020145,6903394,LIS: survey + marginals (38)
RUS,RUSr103,13481106,5136932,LIS: survey + marginals (38)
RUS,RUSr104,6244785,1865573,LIS: survey + marginals (38)
RUS,RUSr105,19111728,7612411,LIS: survey + marginals (38)
RUS,RUSr106,11992039,4859703,LIS: survey + marginals (38)
RUS,RUSr107,29670567,12024372,LIS: survey + marginals (38)
RUS,RUSr108,9424723,3872539,LIS: survey + marginals (38)
RWA,RWAr101,1268349,292836,No data (105)
RWA,RWAr102,2757268,575617,No data (105)
RWA,RWAr103,2602607,549675,No data (105)
RWA,RWAr104,1861924,394043,No data (105)
RWA,RWAr105,2877229,591172,No data (105)
SAU,SAUr101,9804668,4034866,No data (105)
SAU,SAUr102,8832700,3471960,No data (105)
SAU,SAUr103,6144721,2280577,No data (105)
SAU,SAUr104,6166956,2362457,No data (105)
SAU,SAUr105,790742,322278,No data (105)
SDN,SDNr101,859043,197565,No data (105)
SDN,SDNr102,1461090,329297,No data (105)
SDN,SDNr103,979579,207806,No data (105)
SDN,SDNr104,1614169,315953,No data (105)
SDN,SDNr105,1969275,384638,No data (105)
SDN,SDNr106,5443515,1241042,No data (105)
SDN,SDNr107,6402018,1352912,No data (105)
SDN,SDNr108,1972101,402792,No data (105)
SDN,SDNr109,1480577,305162,No data (105)
SDN,SDNr110,1610531,312760,No data (105)
SDN,SDNr111,2502094,495035,No data (105)
SDN,SDNr112,3431608,662408,No data (105)
SDN,SDNr113,3056880,602883,No data (105)
SDN,SDNr114,1189554,232089,No data (105)
SDN,SDNr115,4921861,948125,No data (105)
SEN,SENr101,3153133,498047,IPUMS/DHS: survey + marginals (24)
SEN,SENr102,616860,84902,IPUMS/DHS: survey + marginals (24)
SEN,SENr103,1640369,179507,IPUMS/DHS: survey + marginals (24)
SEN,SENr104,1442014,166993,IPUMS/DHS: survey + marginals (24)
SEN,SENr105,800071,94465,IPUMS/DHS: survey + marginals (24)
SEN,SENr106,1767606,185523,IPUMS/DHS: survey + marginals (24)
SEN,SENr107,1954140,218428,IPUMS/DHS: survey + marginals (24)
SEN,SENr108,978147,113083,IPUMS/DHS: survey + marginals (24)
SEN,SENr109,741443,78505,IPUMS/DHS: survey + marginals (24)
SEN,SENr110,1248066,133345,IPUMS/DHS: survey + marginals (24)
SGP,SGPt,5535187,2338931,No data (105)
SJM,SJMt,-99,-99,No data (105)
SLB,SLBt,603143,133810,No data (105)
SLE,SLEr101,595090,105693,IPUMS/DHS: survey + marginals (24)
SLE,SLEr102,330632,53124,IPUMS/DHS: survey + marginals (24)
SLE,SLEr103,366191,53015,IPUMS/DHS: survey + marginals (24)
SLE,SLEr104,725058,132900,IPUMS/DHS: survey + marginals (24)
SLE,SLEr105,571202,95032,IPUMS/DHS: survey + marginals (24)
SLE,SLEr106,463086,75220,IPUMS/DHS: survey + marginals (24)
SLE,SLEr107,720163,132648,IPUMS/DHS: survey + marginals (24)
SLE,SLEr108,446834,77907,IPUMS/DHS: survey + marginals (24)
SLE,SLEr109,607463,109719,IPUMS/DHS: survey + marginals (24)
SLE,SLEr110,233165,38915,IPUMS/DHS: survey + marginals (24)
SLE,SLEr111,357656,69857,IPUMS/DHS: survey + marginals (24)
SLE,SLEr112,291433,45321,IPUMS/DHS: survey + marginals (24)
SLE,SLEr113,371325,76021,IPUMS/DHS: survey + marginals (24)
SLE,SLEr114,1060652,232481,IPUMS/DHS: survey + marginals (24)
SLV,SLVr101,1324421,318266,No data (105)
SLV,SLVr102,2916645,758751,No data (105)
SLV,SLVr103,804546,192299,No data (105)
SLV,SLVr104,1434354,581838,No data (105)
SMR,SMRt,-99,-99,No data (105)
SOM,SOMr101,1518099,295834,No data (105)
SOM,SOMr102,540474,105255,No data (105)
SOM,SOMr103,500598,97727,No data (105)
SOM,SOMr104,291000,56994,No data (105)
SOM,SOMr105,651295,126404,No data (105)
SOM,SOMr106,586339,114104,No data (105)
SOM,SOMr107,293325,57436,No data (105)
SOM,SOMr108,556656,108679,No data (105)
SOM,SOMr109,554218,107989,No data (105)
SOM,SOMr110,1068287,207403,No data (105)
SOM,SOMr111,638347,123920,No data (105)
SOM,SOMr112,393821,76870,No data (105)
SOM,SOMr113,572123,111089,No data (105)
SOM,SOMr114,998254,193715,No data (105)
SOM,SOMr115,1495020,289810,No data (105)
SOM,SOMr116,1775291,346687,No data (105)
SOM,SOMr117,662816,128823,No data (105)
SOM,SOMr118,701070,136527,No data (105)
SRB,SRBr101,1605078,615316,LIS: survey + marginals (38)
SRB,SRBr102,1888046,749783,LIS: survey + marginals (38)
SRB,SRBr103,1952015,677448,LIS: survey + marginals (38)
SRB,SRBr104,1650802,573120,LIS: survey + marginals (38)
SSD,SSDr101,1294285,250153,No data (105)
SSD,SSDr102,1563854,291748,No data (105)
SSD,SSDr103,759372,141838,No data (105)
SSD,SSDr104,1451635,268009,No data (105)
SSD,SSDr105,997278,183754,No data (105)
SSD,SSDr106,405026,78025,No data (105)
SSD,SSDr107,848458,159047,No data (105)
SSD,SSDr108,833201,162699,No data (105)
SSD,SSDr109,1403635,282755,No data (105)
SSD,SSDr110,1158845,218957,No data (105)
STP,STPr101,130428,30572,No data (105)
STP,STPr102,24464,5488,No data (105)
STP,STPr103,37196,8144,No data (105)
STP,STPr104,7313,1669,No data (105)
SUR,SURr101,229219,67827,No data (105)
SUR,SURr102,163345,46470,No data (105)
SUR,SURr103,59178,16919,No data (105)
SUR,SURr104,52836,14212,No data (105)
SUR,SURr105,53853,12849,No data (105)
SVK,SVKr101,628951,247995,LIS: survey + marginals (38)
SVK,SVKr102,1832954,671767,LIS: survey + marginals (38)
SVK,SVKr103,1344846,477140,LIS: survey + marginals (38)
SVK,SVKr104,1615929,525700,LIS: survey + marginals (38)
SVN,SVNr101,116688,46404,No data (105)
SVN,SVNr102,323448,134150,No data (105)
SVN,SVNr103,71311,28904,No data (105)
SVN,SVNr104,254101,105465,No data (105)
SVN,SVNr105,57722,21907,No data (105)
SVN,SVNr106,75648,30636,No data (105)
SVN,SVNr107,142419,58921,No data (105)
SVN,SVNr108,534706,222192,No data (105)
SVN,SVNr109,203895,87763,No data (105)
SVN,SVNr110,52562,21741,No data (105)
SVN,SVNr111,118182,49438,No data (105)
SVN,SVNr112,112855,47566,No data (105)
SWE,SWEr101,2215032,1099195,LIS: survey + marginals (38)
SWE,SWEr102,1629914,843858,LIS: survey + marginals (38)
SWE,SWEr103,829694,412355,LIS: survey + marginals (38)
SWE,SWEr104,1450895,682351,LIS: survey + marginals (38)
SWE,SWEr105,1953159,966452,LIS: survey + marginals (38)
SWE,SWEr106,836048,423073,LIS: survey + marginals (38)
SWE,SWEr107,371042,190427,LIS: survey + marginals (38)
SWE,SWEr108,512764,253883,LIS: survey + marginals (38)
SWZ,SWZr101,276089,62675,No data (105)
SWZ,SWZr102,409669,91461,No data (105)
SWZ,SWZr103,197520,42142,No data (105)
SWZ,SWZr104,220831,48454,No data (105)
SYR,SYRr101,-99,-99,No data (105)
SYR,SYRr102,-99,-99,No data (105)
SYR,SYRr103,-99,-99,No data (105)
SYR,SYRr104,-99,-99,No data (105)
SYR,SYRr105,-99,-99,No data (105)
SYR,SYRr106,-99,-99,No data (105)
SYR,SYRr107,-99,-99,No data (105)
SYR,SYRr108,-99,-99,No data (105)
SYR,SYRr109,-99,-99,No data (105)
SYR,SYRr110,-99,-99,No data (105)
SYR,SYRr111,-99,-99,No data (105)
SYR,SYRr112,-99,-99,No data (105)
SYR,SYRr113,-99,-99,No data (105)
SYR,SYRr114,-99,-99,No data (105)
TCA,TCAr101,-99,-99,No data (105)
TCA,TCAr102,-99,-99,No data (105)
TCA,TCAr103,-99,-99,No data (105)
TCD,TCDr101,1136911,220858,No data (105)
TCD,TCDr102,1628411,285673,No data (105)
TCD,TCDr103,1798779,317070,No data (105)
TCD,TCDr104,1412624,247997,No data (105)
TCD,TCDr105,1527175,269079,No data (105)
TCD,TCDr106,1744316,304049,No data (105)
TCD,TCDr107,3064573,537879,No data (105)
TCD,TCDr108,1797405,315811,No data (105)
TGO,TGOr101,1257994,253997,No data (105)
TGO,TGOr102,1819214,341642,No data (105)
TGO,TGOr103,1725974,310444,No data (105)
TGO,TGOr104,718906,132413,No data (105)
TGO,TGOr105,879150,156519,No data (105)
TGO,TGOr106,922610,162699,No data (105)
THA,THAr101,8695038,2763185,No data (105)
THA,THAr102,19244133,5440186,No data (105)
THA,THAr103,11270053,3036906,No data (105)
THA,THAr104,20449862,5509471,No data (105)
THA,THAr105,9055145,2502349,No data (105)
TJK,TJKr101,-99,-99,No data (105)
TJK,TJKr102,3081837,653246,No data (105)
TJK,TJKr103,2500113,550844,No data (105)
TJK,TJKr104,1969485,426627,No data (105)
TJK,TJKr105,184062,40656,No data (105)
TKM,TKMr101,673095,183757,No data (105)
TKM,TKMr102,738617,185794,No data (105)
TKM,TKMr103,375036,98016,No data (105)
TKM,TKMr104,1314851,330374,No data (105)
TKM,TKMr105,1080292,277432,No data (105)
TKM,TKMr106,1383702,347601,No data (105)
TLS,TLSr101,46863,10670,No data (105)
TLS,TLSr102,61690,13567,No data (105)
TLS,TLSr103,138692,31333,No data (105)
TLS,TLSr104,96859,21874,No data (105)
TLS,TLSr105,70300,16070,No data (105)
TLS,TLSr106,242728,62800,No data (105)
TLS,TLSr107,118035,25788,No data (105)
TLS,TLSr108,67170,15381,No data (105)
TLS,TLSr109,78989,17888,No data (105)
TLS,TLSr110,54488,12465,No data (105)
TLS,TLSr111,62021,14202,No data (105)
TLS,TLSr112,78640,17270,No data (105)
TLS,TLSr113,79703,18052,No data (105)
TON,TONt,100735,27273,No data (105)
TTO,TTOr101,321727,104948,No data (105)
TTO,TTOr102,103897,30795,No data (105)
TTO,TTOr103,523983,172204,No data (105)
TTO,TTOr104,364121,114654,No data (105)
TTO,TTOr105,56649,17602,No data (105)
TUN,TUNr101,2710172,771754,No data (105)
TUN,TUNr102,1597416,401847,No data (105)
TUN,TUNr103,1219861,291999,No data (105)
TUN,TUNr104,1441882,334059,No data (105)
TUN,TUNr105,2546466,651415,No data (105)
TUN,TUNr106,616426,156353,No data (105)
TUN,TUNr107,1047559,263992,No data (105)
TUR,TURr101,14578519,5161734,No data (105)
TUR,TURr102,3382693,1084458,No data (105)
TUR,TURr103,10120975,3196044,No data (105)
TUR,TURr104,7445054,2677565,No data (105)
TUR,TURr105,7601383,2594202,No data (105)
TUR,TURr106,10013113,2995372,No data (105)
TUR,TURr107,3905754,1193615,No data (105)
TUR,TURr108,4515914,1352216,No data (105)
TUR,TURr109,2580089,809227,No data (105)
TUR,TURr110,2209480,635249,No data (105)
TUR,TURr111,3828461,1051899,No data (105)
TUR,TURr112,8356595,2264838,No data (105)
TZA,TZAr201,2444917,550472,IPUMS/DHS: survey + marginals (24)
TZA,TZAr202,3340787,707931,IPUMS/DHS: survey + marginals (24)
TZA,TZAr203,1315142,305646,IPUMS/DHS: survey + marginals (24)
TZA,TZAr204,2382798,521382,IPUMS/DHS: survey + marginals (24)
TZA,TZAr205,2520175,597139,IPUMS/DHS: survey + marginals (24)
TZA,TZAr206,1143167,275434,IPUMS/DHS: survey + marginals (24)
TZA,TZAr207,4354897,1098009,IPUMS/DHS: survey + marginals (24)
TZA,TZAr208,1101235,294023,IPUMS/DHS: survey + marginals (24)
TZA,TZAr209,1533312,400121,IPUMS/DHS: survey + marginals (24)
TZA,TZAr210,1451718,326731,IPUMS/DHS: survey + marginals (24)
TZA,TZAr211,1765139,433816,IPUMS/DHS: survey + marginals (24)
TZA,TZAr212,3081643,729626,IPUMS/DHS: survey + marginals (24)
TZA,TZAr213,1656042,329427,IPUMS/DHS: survey + marginals (24)
TZA,TZAr214,2947698,533091,IPUMS/DHS: survey + marginals (24)
TZA,TZAr215,1701580,342260,IPUMS/DHS: survey + marginals (24)
TZA,TZAr216,2164278,413639,IPUMS/DHS: survey + marginals (24)
TZA,TZAr217,4109553,771897,IPUMS/DHS: survey + marginals (24)
TZA,TZAr218,2558753,483392,IPUMS/DHS: survey + marginals (24)
TZA,TZAr219,5534381,1041367,IPUMS/DHS: survey + marginals (24)
TZA,TZAr220,2106060,401753,IPUMS/DHS: survey + marginals (24)
TZA,TZAr221,210394,43595,IPUMS/DHS: survey + marginals (24)
TZA,TZAr222,136364,32358,IPUMS/DHS: survey + marginals (24)
TZA,TZAr223,552200,106914,IPUMS/DHS: survey + marginals (24)
TZA,TZAr224,237454,45773,IPUMS/DHS: survey + marginals (24)
TZA,TZAr225,209837,39254,IPUMS/DHS: survey + marginals (24)
UGA,UGAr101,4501420,1077911,IPUMS/DHS: survey + marginals (24)
UGA,UGAr102,4137285,949250,IPUMS/DHS: survey + marginals (24)
UGA,UGAr103,1650228,451407,IPUMS/DHS: survey + marginals (24)
UGA,UGAr104,3830411,755050,IPUMS/DHS: survey + marginals (24)
UGA,UGAr105,6170177,1168696,IPUMS/DHS: survey + marginals (24)
UGA,UGAr106,5039498,975226,IPUMS/DHS: survey + marginals (24)
UGA,UGAr107,2621664,472924,IPUMS/DHS: survey + marginals (24)
UGA,UGAr108,5013526,1060607,IPUMS/DHS: survey + marginals (24)
UGA,UGAr109,4620822,993868,IPUMS/DHS: survey + marginals (24)
UKR,UKRr101,7936036,2328167,No data (105)
UKR,UKRr102,5145788,1470711,No data (105)
UKR,UKRr103,14090780,4164727,No data (105)
UKR,UKRr104,6888637,2028840,No data (105)
UKR,UKRr105,11092648,3131711,No data (105)
URY,URYr101,1719498,635248,LIS: survey + marginals (38)
URY,URYr102,305932,104311,LIS: survey + marginals (38)
URY,URYr103,464354,163561,LIS: survey + marginals (38)
URY,URYr104,292800,104319,LIS: survey + marginals (38)
URY,URYr105,154063,53124,LIS: survey + marginals (38)
URY,URYr106,174099,63511,LIS: survey + marginals (38)
URY,URYr107,300938,97036,LIS: survey + marginals (38)
USA,USAr101,4850955,2056617,LIS: survey + marginals (38)
USA,USAr102,735537,279950,LIS: survey + marginals (38)
USA,USAr103,6818402,2769594,LIS: survey + marginals (38)
USA,USAr104,2974990,1231123,LIS: survey + marginals (38)
USA,USAr105,38982941,14643610,LIS: survey + marginals (38)
USA,USAr106,5428942,2299152,LIS: survey + marginals (38)
USA,USAr107,3589026,1479183,LIS: survey + marginals (38)
USA,USAr108,943040,409423,LIS: survey + marginals (38)
USA,USAr109,669015,334869,LIS: survey + marginals (38)
USA,USAr110,20215362,8743188,LIS: survey + marginals (38)
USA,USAr111,10192885,4160712,LIS: survey + marginals (38)
USA,USAr112,-99,-99,LIS: survey + marginals (38)
USA,USAr113,1662021,663151,LIS: survey + marginals (38)
USA,USAr114,12830999,5371143,LIS: survey + marginals (38)
USA,USAr115,6611724,2760065,LIS: survey + marginals (38)
USA,USAr116,3114924,1323497,LIS: survey + marginals (38)
USA,USAr117,2902797,1213327,LIS: survey + marginals (38)
USA,USAr118,4420797,1909288,LIS: survey + marginals (38)
USA,USAr119,4649722,1949630,LIS: survey + marginals (38)
USA,USAr120,1330934,608593,LIS: survey + marginals (38)
USA,USAr121,5991823,2380019,LIS: survey + marginals (38)
USA,USAr122,6772046,2795523,LIS: survey + marginals (38)
USA,USAr123,9913915,4271550,LIS: survey + marginals (38)
USA,USAr124,5490887,2303439,LIS: survey + marginals (38)
USA,USAr125,2985958,1221600,LIS: survey + marginals (38)
USA,USAr126,6070345,2540749,LIS: survey + marginals (38)
USA,USAr127,1031939,447447,LIS: survey + marginals (38)
USA,USAr128,1890336,760817,LIS: survey + marginals (38)
USA,USAr129,2888793,1186143,LIS: survey + marginals (38)
USA,USAr130,1330421,545199,LIS: survey + marginals (38)
USA,USAr131,8946707,3523085,LIS: survey + marginals (38)
USA,USAr132,2083786,853618,LIS: survey + marginals (38)
USA,USAr133,19743605,8296059,LIS: survey + marginals (38)
USA,USAr134,10037584,4186590,LIS: survey + marginals (38)
USA,USAr135,742004,326036,LIS: survey + marginals (38)
USA,USAr136,11600715,4820850,LIS: survey + marginals (38)
USA,USAr137,3886997,1634194,LIS: survey + marginals (38)
USA,USAr138,4017962,1687650,LIS: survey + marginals (38)
USA,USAr139,12774370,5445136,LIS: survey + marginals (38)
USA,USAr140,1054916,482727,LIS: survey + marginals (38)
USA,USAr141,4888075,2111081,LIS: survey + marginals (38)
USA,USAr142,857971,367000,LIS: survey + marginals (38)
USA,USAr143,6596853,2802402,LIS: survey + marginals (38)
USA,USAr144,27350229,10480241,LIS: survey + marginals (38)
USA,USAr145,2992078,1015494,LIS: survey + marginals (38)
USA,USAr146,624875,277901,LIS: survey + marginals (38)
USA,USAr147,8361184,3412298,LIS: survey + marginals (38)
USA,USAr148,7167074,2868083,LIS: survey + marginals (38)
USA,USAr149,1835675,787465,LIS: survey + marginals (38)
USA,USAr150,5762808,2530000,LIS: survey + marginals (38)
USA,USAr151,580934,248114,LIS: survey + marginals (38)
UZB,UZBr101,3441250,853387,No data (105)
UZB,UZBr102,6725976,1655694,No data (105)
UZB,UZBr103,5801848,1396759,No data (105)
UZB,UZBr104,4530765,1173634,No data (105)
UZB,UZBr105,8753040,2150963,No data (105)
UZB,UZBr106,2045321,616355,No data (105)
VAT,VATt,-99,-99,No data (105)
VCT,VCTt,109137,30323,No data (105)
VEN,VENr101,2403731,814660,No data (105)
VEN,VENr102,88737,24848,No data (105)
VEN,VENr103,1620829,489057,No data (105)
VEN,VENr104,484371,122946,No data (105)
VEN,VENr105,1903821,603976,No data (105)
VEN,VENr106,815798,212840,No data (105)
VEN,VENr107,1571657,462282,No data (105)
VEN,VENr108,2510267,776467,No data (105)
VEN,VENr109,332729,92784,No data (105)
VEN,VENr110,122474,34652,No data (105)
VEN,VENr111,999617,286456,No data (105)
VEN,VENr112,814080,219568,No data (105)
VEN,VENr113,2012444,560146,No data (105)
VEN,VENr114,943186,268646,No data (105)
VEN,VENr115,3039875,973901,No data (105)
VEN,VENr116,939141,270376,No data (105)
VEN,VENr117,482240,149506,No data (105)
VEN,VENr118,946387,246422,No data (105)
VEN,VENr119,1035432,284801,No data (105)
VEN,VENr120,1293389,376527,No data (105)
VEN,VENr121,783640,215660,No data (105)
VEN,VENr122,660607,180215,No data (105)
VEN,VENr123,3888739,1091139,No data (105)
VEN,VENr124,389232,120706,No data (105)
VNM,VNMr101,21880843,6008090,LIS: survey + marginals (38)
VNM,VNMr102,12611157,3178958,LIS: survey + marginals (38)
VNM,VNMr103,19769666,5225473,LIS: survey + marginals (38)
VNM,VNMr104,5853593,1449848,LIS: survey + marginals (38)
VNM,VNMr105,15339023,4198144,LIS: survey + marginals (38)
VNM,VNMr106,17222696,4586723,LIS: survey + marginals (38)
VUT,VUTr101,38124,8155,No data (105)
VUT,VUTr102,40195,8782,No data (105)
VUT,VUTr103,48207,10497,No data (105)
VUT,VUTr104,31083,6596,No data (105)
VUT,VUTr105,38840,8377,No data (105)
VUT,VUTr106,11604,2462,No data (105)
WSM,WSMt,193528,50904,No data (105)
YEM,YEMr101,2908324,583458,No data (105)
YEM,YEMr102,2847128,603228,No data (105)
YEM,YEMr103,3730362,798264,No data (105)
YEM,YEMr104,3557339,686009,No data (105)
YEM,YEMr105,3457462,710812,No data (105)
YEM,YEMr106,2558694,541959,No data (105)
YEM,YEMr107,3467061,668653,No data (105)
YEM,YEMr108,3973831,765442,No data (105)
ZAF,ZAFr101,6043500,1885439,LIS: survey + marginals (38)
ZAF,ZAFr102,7066844,2086374,LIS: survey + marginals (38)
ZAF,ZAFr103,1173218,408957,LIS: survey + marginals (38)
ZAF,ZAFr104,2949125,941326,LIS: survey + marginals (38)
ZAF,ZAFr105,10350382,3011073,LIS: survey + marginals (38)
ZAF,ZAFr106,3832488,1330047,LIS: survey + marginals (38)
ZAF,ZAFr107,13639880,4994464,LIS: survey + marginals (38)
ZAF,ZAFr108,4460948,1385296,LIS: survey + marginals (38)
ZAF,ZAFr109,5866635,1488786,LIS: survey + marginals (38)
ZMB,ZMBr101,1504953,325754,No data (105)
ZMB,ZMBr102,2421436,577132,No data (105)
ZMB,ZMBr103,2011676,412781,No data (105)
ZMB,ZMBr104,1261393,262884,No data (105)
ZMB,ZMBr105,2630270,630270,No data (105)
ZMB,ZMBr106,2241551,472874,No data (105)
ZMB,ZMBr107,777138,168765,No data (105)
ZMB,ZMBr108,2016834,441302,No data (105)
ZMB,ZMBr109,1014281,212406,No data (105)
ZWE,ZWEr101,1969083,482148,IPUMS/DHS: survey + marginals (24)
ZWE,ZWEr102,1320229,316360,IPUMS/DHS: survey + marginals (24)
ZWE,ZWEr103,1403410,354298,IPUMS/DHS: survey + marginals (24)
ZWE,ZWEr104,1629820,389188,IPUMS/DHS: survey + marginals (24)
ZWE,ZWEr105,725549,169414,IPUMS/DHS: survey + marginals (24)
ZWE,ZWEr106,668570,161224,IPUMS/DHS: survey + marginals (24)
ZWE,ZWEr107,1725554,407842,IPUMS/DHS: survey + marginals (24)
ZWE,ZWEr108,1665005,396550,IPUMS/DHS: survey + marginals (24)
ZWE,ZWEr109,1961859,511765,IPUMS/DHS: survey + marginals (24)
ZWE,ZWEr110,635651,167024,IPUMS/DHS: survey + marginals (24)
