Country;ISO_Code;GDLCODE;Region;GEOLEV1_IPUMS;Label;;;;;;;
Armenia;ARM;ARMr101;Aragatsotn;51902;Aragatsotn [Province: Armenia];;;;;;;
Armenia;ARM;ARMr102;Ararat;51903;Ararat [Province: Armenia];;;;;;;
Armenia;ARM;ARMr103;Armavir;51904;Armavir [Province: Armenia];;;;;;;
Armenia;ARM;ARMr104;Gegharkunik;51905;Gegharkunik [Province: Armenia];;;;;;;
Armenia;ARM;ARMr105;Lori;51906;Lori [Province: Armenia];;;;;;;
Armenia;ARM;ARMr106;Kotayk;51907;Kotayk [Province: Armenia];;;;;;;
Armenia;ARM;ARMr107;Shirak;51908;Shirak [Province: Armenia];;;;;;;
Armenia;ARM;ARMr108;Syunik;51909;Syunik [Province: Armenia];;;;;;;
Armenia;ARM;ARMr109;Vayots Dzor;51910;Vayots Dzor [Province: Armenia];;;;;;;
Armenia;ARM;ARMr110;Tavush;51911;Tavush [Province: Armenia];;;;;;;
Armenia;ARM;ARMr111;Yerevan;51901;Yerevan [Province: Armenia];;;;;;;
Benin;BEN;BENr101;Atacora (incl Donga);101;204002;204007;;;;;;
Benin;BEN;BENr102;Atlantique (incl Littoral (Cotonou));102;204008;204003;;;;;;
Benin;BEN;BENr103;Borgou (incl Alibori);103;204001;204004;;;;;;
Benin;BEN;BENr104;Mono (incl Couffo);104;204006;204009;;;;;;
Benin;BEN;BENr105;Queme (incl Plateau);105;204010;204011;;;;;;
Benin;BEN;BENr106;Zou (incl Collines);106;204005;204012;;;;;;
BurkinaFaso;BFA;BFAr101;Boucle de Mouhoun;854001;Boucle du Mouhoun [Region: Burkina Faso];;;;;;;
BurkinaFaso;BFA;BFAr102;Cascades;854002;Cascades [Region: Burkina Faso];;;;;;;
BurkinaFaso;BFA;BFAr103;Centre (incl Ouagadougou);854003;Centre [Region: Burkina Faso];;;;;;;
BurkinaFaso;BFA;BFAr104;Centre-Est;854004;Centre?Est [Region: Burkina Faso];;;;;;;
BurkinaFaso;BFA;BFAr105;Centre-Nord;854005;Centre?Nord [Region: Burkina Faso];;;;;;;
BurkinaFaso;BFA;BFAr106;Centre-Ouest;854006;Centre?Ouest [Region: Burkina Faso];;;;;;;
BurkinaFaso;BFA;BFAr107;Centre-Sud;854007;Centre?Sud [Region: Burkina Faso];;;;;;;
BurkinaFaso;BFA;BFAr108;Est;854008;Est [Region: Burkina Faso];;;;;;;
BurkinaFaso;BFA;BFAr109;Hauts Bassins;854009;Hauts?Bassins [Region: Burkina Faso];;;;;;;
BurkinaFaso;BFA;BFAr110;Nord;854010;Nord [Region: Burkina Faso];;;;;;;
BurkinaFaso;BFA;BFAr111;Plateau Central;854011;Plateau Central [Region: Burkina Faso];;;;;;;
BurkinaFaso;BFA;BFAr112;Sahel;854012;Sahel [Region: Burkina Faso];;;;;;;
BurkinaFaso;BFA;BFAr113;Sud-Ouest;854013;Sud?Ouest [Region: Burkina Faso];;;;;;;
Bangladesh;BGD;BGDr201;Barisal, Jhalokati, Pirojpur;50010;;;;;;;;
Bangladesh;BGD;BGDr202;Barguna, Bhola, Patuakhali;50010;;;;;;;;
Bangladesh;BGD;BGDr203;Chittagong;50020;Chittagong [Division: Bangladesh];;;;;;;
Bangladesh;BGD;BGDr204;Bandarban, Cox s Bazar;50020;;;;;;;;
Bangladesh;BGD;BGDr205;Khagrachhari, Rangamati (Chattagram);50020;;;;;;;;
Bangladesh;BGD;BGDr206;Feni, Lakshmipur, Noakhali;50020;;;;;;;;
Bangladesh;BGD;BGDr207;Brahmanbaria, Chandpur, Comilla;50020;;;;;;;;
Bangladesh;BGD;BGDr208;Dhaka;50030;Dhaka [Division: Bangladesh];;;;;;;
Bangladesh;BGD;BGDr209;Gazipur, Narayanganj, Narsingdi;50030;;;;;;;;
Bangladesh;BGD;BGDr210;Jamalpur, Sherpur, Tangail;50030;;;;;;;;
Bangladesh;BGD;BGDr211;Kishoreganj, Mymensingh, Netrakona;50030;;;;;;;;
Bangladesh;BGD;BGDr212;Faridpur, Manikganj, Rajbari;50030;;;;;;;;
Bangladesh;BGD;BGDr213;Gopalganj, Madaripur, Munshiganj, Shariatpur;50030;;;;;;;;
Bangladesh;BGD;BGDr214;Bagerhat, Khulna, Satkhira;50040;;;;;;;;
Bangladesh;BGD;BGDr215;Jessore, Magura, Narail;50040;;;;;;;;
Bangladesh;BGD;BGDr216;Chuadanga, Jhenaidah, Kushtia, Meherpur;50040;;;;;;;;
Bangladesh;BGD;BGDr217;Naogaon, Nawabganj, Rajshahi;50050;;;;;;;;
Bangladesh;BGD;BGDr218;Natore, Pabna, Sirajganj;50050;;;;;;;;
Bangladesh;BGD;BGDr219;Bogra, Gaibandha, Jaypurhat;50050;;;;;;;;
Bangladesh;BGD;BGDr220;Dinajpur, Nilphamari, Panchagarh, Thakurgaon;50050;;;;;;;;
Bangladesh;BGD;BGDr221;Kurigram, Lalmonirhat, Rangpur;50050;;;;;;;;
Bangladesh;BGD;BGDr222;Maulvibazar, Sylhet;50060;;;;;;;;
Bangladesh;BGD;BGDr223;Habiganj, Sunamganj;50060;;;;;;;;
Bolivia;BOL;BOLr101;Chuquisaca;68001;Chuquisaca [Department: Bolivia];;;;;;;
Bolivia;BOL;BOLr102;La Paz;68002;La Paz [Department: Bolivia];;;;;;;
Bolivia;BOL;BOLr103;Cochabamba;68003;Cochabamba [Department: Bolivia];;;;;;;
Bolivia;BOL;BOLr104;Oruro;68004;Oruro [Department: Bolivia];;;;;;;
Bolivia;BOL;BOLr105;Potosi;68005;Potosí [Department: Bolivia];;;;;;;
Bolivia;BOL;BOLr106;Tarija;68006;Tarija [Department: Bolivia];;;;;;;
Bolivia;BOL;BOLr107;Santa Cruz;68007;Santa Cruz [Department: Bolivia];;;;;;;
Bolivia;BOL;BOLr108;Beni;68008;Beni [Department: Bolivia];;;;;;;
Bolivia;BOL;BOLr109;Pando;68009;Pando [Department: Bolivia];;;;;;;
Egypt;EGY;EGYr101;Cairo;818001;Giza, 6th October City, Cairo, Helwan [Governorate: Egypt];;;;;;;
Egypt;EGY;EGYr102;Alexandria;818002;Alexandria [Governorate: Egypt];;;;;;;
Egypt;EGY;EGYr103;Port Said;818003;Port Said [Governorate: Egypt];;;;;;;
Egypt;EGY;EGYr104;Suez;818004;Suez [Governorate: Egypt];;;;;;;
Egypt;EGY;EGYr105;Damietta;818011;Demietta [Governorate: Egypt];;;;;;;
Egypt;EGY;EGYr106;Dakahlia;818012;Dakahlia [Governorate: Egypt];;;;;;;
Egypt;EGY;EGYr107;Sharkia;818013;Sharkia [Governorate: Egypt];;;;;;;
Egypt;EGY;EGYr108;Kalyubia;818014;Kaliobia [Governorate: Egypt];;;;;;;
Egypt;EGY;EGYr109;Kafr El-Sheikh;818015;Kafr Sheikh [Governorate: Egypt];;;;;;;
Egypt;EGY;EGYr110;Gharbia;818016;Gharbia [Governorate: Egypt];;;;;;;
Egypt;EGY;EGYr111;Menoufia;818018;Menoufia, Behera [Governorate: Egypt];;;;;;;
Egypt;EGY;EGYr112;Behera;818018;Menoufia, Behera [Governorate: Egypt];;;;;;;
Egypt;EGY;EGYr113;Ismailia;818019;Ismailia [Governorate: Egypt];;;;;;;
Egypt;EGY;EGYr114;Giza;818001;Giza, 6th October City, Cairo, Helwan [Governorate: Egypt];;;;;;;
Egypt;EGY;EGYr115;Beni Suef;818022;Bani Swif [Governorate: Egypt];;;;;;;
Egypt;EGY;EGYr116;Fayoum;818023;Fayoum [Governorate: Egypt];;;;;;;
Egypt;EGY;EGYr117;Menya;818024;Menia [Governorate: Egypt];;;;;;;
Egypt;EGY;EGYr118;Assuit;818025;Asiut [Governorate: Egypt];;;;;;;
Egypt;EGY;EGYr119;Souhag;818026;Sohag [Governorate: Egypt];;;;;;;
Egypt;EGY;EGYr120;Qena;818027;Qena, Luxor [Governorate: Egypt];;;;;;;
Egypt;EGY;EGYr121;Aswan;818028;Aswan [Governorate: Egypt];;;;;;;
Egypt;EGY;EGYr122;Frontier governorates (Red Sea, New Valley, Matroh, North Sainai, South Sainai);818031;818031;818032;818033;818034;818035;;;
Ethiopia;ETH;ETHr101;Tigray;231001;Tigray [Region: Ethiopia];;;;;;;
Ethiopia;ETH;ETHr102;Affar;231002;Affar [Region: Ethiopia];;;;;;;
Ethiopia;ETH;ETHr103;Amhara;231003;Amhara [Region: Ethiopia];;;;;;;
Ethiopia;ETH;ETHr104;Oromiya;231004;Oromia, Somali [Region: Ethiopia];;;;;;;
Ethiopia;ETH;ETHr105;Somali;231004;Oromia, Somali [Region: Ethiopia];;;;;;;
Ethiopia;ETH;ETHr106;Ben-Gumz;231006;Benishangul?Gumuz [Region: Ethiopia];;;;;;;
Ethiopia;ETH;ETHr107;SNNP;231007;Southern Nations, Nationalities, and Peoples (SNNP) [Region: Ethiopia];;;;;;;
Ethiopia;ETH;ETHr108;Gambela;231012;Gambela [Region: Ethiopia];;;;;;;
Ethiopia;ETH;ETHr109;Harari;231013;Harari [Region: Ethiopia];;;;;;;
Ethiopia;ETH;ETHr110;Addis;231014;Addis Ababa [Region: Ethiopia];;;;;;;
Ethiopia;ETH;ETHr111;Dire Dawa;231015;Dire Dawa [Region: Ethiopia];;;;;;;
Ghana;GHA;GHAr101;Western;288001;Western [Region: Ghana];;;;;;;
Ghana;GHA;GHAr102;Central;288002;Central [Region: Ghana];;;;;;;
Ghana;GHA;GHAr103;Greater Accra;288003;Greater Accra [Region: Ghana];;;;;;;
Ghana;GHA;GHAr104;Volta;288004;Volta [Region: Ghana];;;;;;;
Ghana;GHA;GHAr105;Eastern;288005;Eastern [Region: Ghana];;;;;;;
Ghana;GHA;GHAr106;Ashanti;288006;Ashanti [Region: Ghana];;;;;;;
Ghana;GHA;GHAr107;Brong Ahafo;288007;Brong Ahafo [Region: Ghana];;;;;;;
Ghana;GHA;GHAr108;Northern;288008;Northern [Region: Ghana];;;;;;;
Ghana;GHA;GHAr109;Upper West;288010;Upper West [Region: Ghana];;;;;;;
Ghana;GHA;GHAr110;Upper East;288009;Upper East [Region: Ghana];;;;;;;
Guinea;GIN;GINr101;Boke;101;324011;324012;324013;324014;324015;;;
Guinea;GIN;GINr102;Conakry;102;324021;Conakry [Region: Guinea];;;;;;
Guinea;GIN;GINr103;Faranah;103;324031;324032;324033;324034;;;;
Guinea;GIN;GINr104;Kankan;104;324041;324042;324043;324044;324045;;;
Guinea;GIN;GINr105;Kindia;105;324051;324053;324054;324055;;;;
Guinea;GIN;GINr106;Labe;106;324061;324062;324063;324064;324065;;;
Guinea;GIN;GINr107;Mamou;107;324071;324072;324073;;;;;
Guinea;GIN;GINr108;N Zerekore;108;324081;324082;324083;324084;324085;324086;;
Indonesia;IDN;IDNr101;DI Aceh;360011;Nanggroe Aceh Darussalam [Province: Indonesia];;;;;;;
Indonesia;IDN;IDNr102;North Sumatra;360012;Sumatera Utara [Province: Indonesia];;;;;;;
Indonesia;IDN;IDNr103;West Sumatra;360013;Sumatera Barat [Province: Indonesia];;;;;;;
Indonesia;IDN;IDNr104;Riau (incl. Riau islands);360014;Kepulauan Riau, Riau [Province: Indonesia];;;;;;;
Indonesia;IDN;IDNr105;Jambi;360015;Jambi [Province: Indonesia];;;;;;;
Indonesia;IDN;IDNr106;South Sumatra;360016;Bangka Belitung, Sumatera Selatan [Province: Indonesia];;;;;;;
Indonesia;IDN;IDNr107;Bengkulu;360017;Bengkulu [Province: Indonesia];;;;;;;
Indonesia;IDN;IDNr108;Lampung;360018;Lampung [Province: Indonesia];;;;;;;
Indonesia;IDN;IDNr109;Bangka Belitung;360016;Bangka Belitung, Sumatera Selatan [Province: Indonesia];;;;;;;
Indonesia;IDN;IDNr110;DKI Jakarta;360031;DKI Jakarta [Province: Indonesia];;;;;;;
Indonesia;IDN;IDNr111;West Java;360032;Banten, Jawa Barat [Province: Indonesia];;;;;;;
Indonesia;IDN;IDNr112;Central Java;360033;Jawa Tengah [Province: Indonesia];;;;;;;
Indonesia;IDN;IDNr113;DI Yogyakarta;360034;DKI Yogyakarta [Province: Indonesia];;;;;;;
Indonesia;IDN;IDNr114;East Java;360035;Jawa Timur [Province: Indonesia];;;;;;;
Indonesia;IDN;IDNr115;Banten;360032;Banten, Jawa Barat [Province: Indonesia];;;;;;;
Indonesia;IDN;IDNr116;Bali;360051;Bali [Province: Indonesia];;;;;;;
Indonesia;IDN;IDNr117;West Nusa Tenggara;360052;Nusa Tenggara Barat [Province: Indonesia];;;;;;;
Indonesia;IDN;IDNr118;East Nusa Tenggara;360053;Nusa Tenggara Timur [Province: Indonesia];;;;;;;
Indonesia;IDN;IDNr120;West Kalimantan;360061;Kalimantan Barat [Province: Indonesia];;;;;;;
Indonesia;IDN;IDNr121;Central Kalimantan;360062;Kalimantan Tengah [Province: Indonesia];;;;;;;
Indonesia;IDN;IDNr122;South Kalimantan;360063;Kalimantan Selatan [Province: Indonesia];;;;;;;
Indonesia;IDN;IDNr123;East Kalimantan;360064;Kalimantan Timur [Province: Indonesia];;;;;;;
Indonesia;IDN;IDNr124;North Sulawesi;360071;Gorontalo, Sulawesi Utara [Province: Indonesia];;;;;;;
Indonesia;IDN;IDNr125;Central Sulawesi;360072;Sulawesi Tengah [Province: Indonesia];;;;;;;
Indonesia;IDN;IDNr126;South Sulawesi (incl Sulawesi Barat);360073;Sulawesi Barat, Sulawesi Selatan [Province: Indonesia];;;;;;;
Indonesia;IDN;IDNr127;Southeast Sulawesi;360074;Sulawesi Tenggara [Province: Indonesia];;;;;;;
Indonesia;IDN;IDNr128;Gorontalo;360071;Gorontalo, Sulawesi Utara [Province: Indonesia];;;;;;;
Indonesia;IDN;IDNr129;Maluku;360081;Maluku, Maluku Utara [Province: Indonesia];;;;;;;
Indonesia;IDN;IDNr130;Irian Jaya (Papua and Papua Barat);360094;Papua, Papua Barat [Province: Indonesia];;;;;;;
Kenya;KEN;KENr101;Nairobi;404001;Nairobi [Province: Kenya];;;;;;;
Kenya;KEN;KENr102;Central;404002;Central [Province: Kenya];;;;;;;
Kenya;KEN;KENr103;Coast;404003;Coast [Province: Kenya];;;;;;;
Kenya;KEN;KENr104;Eastern;404004;Eastern [Province: Kenya];;;;;;;
Kenya;KEN;KENr105;Nyanza;404006;Nyanza [Province: Kenya];;;;;;;
Kenya;KEN;KENr106;Rift Valley;404007;Rift Valley [Province: Kenya];;;;;;;
Kenya;KEN;KENr107;Western;404008;Western [Province: Kenya];;;;;;;
Kenya;KEN;KENr108;North Eastern;404005;Northeastern [Province: Kenya];;;;;;;
KyrgyzRepublic;KGZ;KGZr101;Bishkek;417001;Bishkek [Region: Kyrgyz Republic];;;;;;;
KyrgyzRepublic;KGZ;KGZr102;Issyk-Kul;417002;;;;;;;;
KyrgyzRepublic;KGZ;KGZr103;Chuy;417008;Naryn region [Region: Kyrgyz Republic];;;;;;;
KyrgyzRepublic;KGZ;KGZr104;Talas;417007;Oshskaya region, City of Osh [Region: Kyrgyz Republic];;;;;;;
KyrgyzRepublic;KGZ;KGZr105;Jalal-Abad;417003;Dzhalal?Abad region [Region: Kyrgyz Republic];;;;;;;
KyrgyzRepublic;KGZ;KGZr106;Osh;417006;Oshskaya region, City of Osh [Region: Kyrgyz Republic];;;;;;;
KyrgyzRepublic;KGZ;KGZr107;Naryn;417004;Naryn region [Region: Kyrgyz Republic];;;;;;;
KyrgyzRepublic;KGZ;KGZr108;Batken;417005;Batken region [Region: Kyrgyz Republic];;;;;;;
Cambodia;KHM;KHMr101;Banteay Mean Chey;116001;Banteay Meanchey [Province: Cambodia];;;;;;;
Cambodia;KHM;KHMr102;Kampong Cham (incl Tboung Khmum);116003;Kampong Cham [Province: Cambodia];;;;;;;
Cambodia;KHM;KHMr103;Kampong Chhnang;116004;Kampong Chhnang [Province: Cambodia];;;;;;;
Cambodia;KHM;KHMr104;Kampong Spueu;116005;Kampong Speu [Province: Cambodia];;;;;;;
Cambodia;KHM;KHMr105;Kampong Thum;116006;Kampong Thom [Province: Cambodia];;;;;;;
Cambodia;KHM;KHMr106;Kandal;116012;;;;;;;;
Cambodia;KHM;KHMr107;Kaoh Kong;116018;;;;;;;;
Cambodia;KHM;KHMr108;Phnom Penh;116012;Phnom Penh, Kandal [Province: Cambodia];;;;;;;
Cambodia;KHM;KHMr109;Prey Veaeng;116014;Prey Veng [Province: Cambodia];;;;;;;
Cambodia;KHM;KHMr110;Pousat;116015;Pursat [Province: Cambodia];;;;;;;
Cambodia;KHM;KHMr111;Svay Rieng;116020;Svay Rieng [Province: Cambodia];;;;;;;
Cambodia;KHM;KHMr112;Takaev;116021;Takeo [Province: Cambodia];;;;;;;
Cambodia;KHM;KHMr113;Bat Dambang-Krong Pailin;116002;116024;;;;;;;
Cambodia;KHM;KHMr114;Kampot-Krong Kaeb-Krong Preah Sihanouk;116007;116023;;;;;;;
Cambodia;KHM;KHMr115;Preah Vihear-Stueng Traeng-Kracheh;116010;116019;116013;;;;;;
Cambodia;KHM;KHMr116;Mondol Kiri-Rotanak Kiri;116011;116016;;;;;;;
Cambodia;KHM;KHMr117;Siem Reab-Otdar Mean Chey;116017;;;;;;;;
Liberia;LBR;LBRr101;Bomi;430030;Bomi, Bong, Grand Bassa, Margibi, Montserrado [County: Liberia];;;;;;;
Liberia;LBR;LBRr102;Bong;430030;Bomi, Bong, Grand Bassa, Margibi, Montserrado [County: Liberia];;;;;;;
Liberia;LBR;LBRr103;Gbarpolu;430021;Gbarpolu, Lofa [County: Liberia];;;;;;;
Liberia;LBR;LBRr104;Grand Bassa;430030;Bomi, Bong, Grand Bassa, Margibi, Montserrado [County: Liberia];;;;;;;
Liberia;LBR;LBRr105;Grand Cape Mount;430012;Grad Cape Mount [County: Liberia];;;;;;;
Liberia;LBR;LBRr106;Grand Gedeh;430030;Bomi, Bong, Grand Bassa, Margibi, Montserrado [County: Liberia];;;;;;;
Liberia;LBR;LBRr107;Grand Kru;430027;Grand Gedeh, Grand Kru, Maryland, River Gee, Rivercess, Sinoe [County: Liberia];;;;;;;
Liberia;LBR;LBRr108;Lofa;430021;Gbarpolu, Lofa [County: Liberia];;;;;;;
Liberia;LBR;LBRr109;Margibi;430030;Bomi, Bong, Grand Bassa, Margibi, Montserrado [County: Liberia];;;;;;;
Liberia;LBR;LBRr110;Maryland;430027;Grand Gedeh, Grand Kru, Maryland, River Gee, Rivercess, Sinoe [County: Liberia];;;;;;;
Liberia;LBR;LBRr111;Montserrado;430030;Bomi, Bong, Grand Bassa, Margibi, Montserrado [County: Liberia];;;;;;;
Liberia;LBR;LBRr112;Nimba;430033;Nimba [County: Liberia];;;;;;;
Liberia;LBR;LBRr113;River Cess;430027;Grand Gedeh, Grand Kru, Maryland, River Gee, Rivercess, Sinoe [County: Liberia];;;;;;;
Liberia;LBR;LBRr114;River Gee;430027;Grand Gedeh, Grand Kru, Maryland, River Gee, Rivercess, Sinoe [County: Liberia];;;;;;;
Liberia;LBR;LBRr115;Sinoe;430027;Grand Gedeh, Grand Kru, Maryland, River Gee, Rivercess, Sinoe [County: Liberia];;;;;;;
Lesotho;LSO;LSOr101;Butha-Buthe;426001;Butha Buthe [District: Lesotho];;;;;;;
Lesotho;LSO;LSOr102;Leribe;426002;Leribe [District: Lesotho];;;;;;;
Lesotho;LSO;LSOr103;Berea;426003;Berea [District: Lesotho];;;;;;;
Lesotho;LSO;LSOr104;Maseru;426004;Maseru [District: Lesotho];;;;;;;
Lesotho;LSO;LSOr105;Mafeteng;426005;Mafeteng [District: Lesotho];;;;;;;
Lesotho;LSO;LSOr106;Mohale s Hoek;426006;Mohale's Hoek [District: Lesotho];;;;;;;
Lesotho;LSO;LSOr107;Quthing;426007;Quthing [District: Lesotho];;;;;;;
Lesotho;LSO;LSOr108;Qasha s Nek;426008;Qacha's Nek [District: Lesotho];;;;;;;
Lesotho;LSO;LSOr109;Mokhotlong;426009;Mokhotlong [District: Lesotho];;;;;;;
Lesotho;LSO;LSOr110;Thaba-Tseka;426010;Thaba?Tseka [District: Lesotho];;;;;;;
Mali;MLI;MLIr101;Kayes;466001;Kayes [Region: Mali];;;;;;;
Mali;MLI;MLIr102;Koulikoro;466002;Koulikoro [Region: Mali];;;;;;;
Mali;MLI;MLIr103;Sikasso;466003;Sikasso [Region: Mali];;;;;;;
Mali;MLI;MLIr104;Segou;466004;Ségou [Region: Mali];;;;;;;
Mali;MLI;MLIr105;Mopti;466005;Mopti [Region: Mali];;;;;;;
Mali;MLI;MLIr106;Tombouctou;466006;Tombouctou [Region: Mali];;;;;;;
Mali;MLI;MLIr107;Gao and Kidal;466007;Gao, Kidal [Region: Mali];;;;;;;
Mali;MLI;MLIr108;Bamako;466009;Bamako [Region: Mali];;;;;;;
Myanmar;MMR;MMRr101;Kachin;104001;Kachin [State or Region: Myanmar];;;;;;;
Myanmar;MMR;MMRr102;Kayah;104002;Kayah [State or Region: Myanmar];;;;;;;
Myanmar;MMR;MMRr103;Kayin;104003;Kayin [State or Region: Myanmar];;;;;;;
Myanmar;MMR;MMRr104;Chin;104004;Chin [State or Region: Myanmar];;;;;;;
Myanmar;MMR;MMRr105;Sagaing;104005;Sagaing [State or Region: Myanmar];;;;;;;
Myanmar;MMR;MMRr106;Taninthayi;104006;Tanintharyi [State or Region: Myanmar];;;;;;;
Myanmar;MMR;MMRr107;Bago;104007;Bago [State or Region: Myanmar];;;;;;;
Myanmar;MMR;MMRr108;Magway;104008;Magway [State or Region: Myanmar];;;;;;;
Myanmar;MMR;MMRr109;Mandalay, NayPyitaw;104009;104015;;;;;;;
Myanmar;MMR;MMRr110;Mon;104010;Mon [State or Region: Myanmar];;;;;;;
Myanmar;MMR;MMRr111;Rakhine;104011;Rakhine [State or Region: Myanmar];;;;;;;
Myanmar;MMR;MMRr112;Yangon;104012;Yangon [State or Region: Myanmar];;;;;;;
Myanmar;MMR;MMRr113;Shan;104013;Shan [State or Region: Myanmar];;;;;;;
Myanmar;MMR;MMRr114;Ayeyarwaddy;104014;Ayeyawady [State or Region: Myanmar];;;;;;;
Mozambique;MOZ;MOZr101;Niassa;508001;Niassa [Province: Mozambique];;;;;;;
Mozambique;MOZ;MOZr102;Cabo delgado;508002;Cabo Delgado [Province: Mozambique];;;;;;;
Mozambique;MOZ;MOZr103;Nampula;508003;Nampula [Province: Mozambique];;;;;;;
Mozambique;MOZ;MOZr104;Zambezia;508004;Zambézia [Province: Mozambique];;;;;;;
Mozambique;MOZ;MOZr105;Tete;508005;Tete [Province: Mozambique];;;;;;;
Mozambique;MOZ;MOZr106;Manica;508006;Manica [Province: Mozambique];;;;;;;
Mozambique;MOZ;MOZr107;Sofala;508007;Sofala [Province: Mozambique];;;;;;;
Mozambique;MOZ;MOZr108;Inhambane;508008;Inhambane [Province: Mozambique];;;;;;;
Mozambique;MOZ;MOZr109;Gaza;508009;Gaza [Province: Mozambique];;;;;;;
Mozambique;MOZ;MOZr110;Maputo Provincia;508010;Maputo province [Province: Mozambique];;;;;;;
Mozambique;MOZ;MOZr111;Maputo Cidade;508011;Maputo city [Province: Mozambique];;;;;;;
Malawi;MWI;MWIr101;Blantyre;454305;Blantyre, Blantyre city [District: Malawi];;;;;;;
Malawi;MWI;MWIr102;Kasungu;454201;Kasungu [District: Malawi];;;;;;;
Malawi;MWI;MWIr103;Machinga;454302;Machinga [District: Malawi];;;;;;;
Malawi;MWI;MWIr104;Mangochi;454301;Mangochi [District: Malawi];;;;;;;
Malawi;MWI;MWIr105;Mzimba;454105;Mzimba, Mzuzu city [District: Malawi];;;;;;;
Malawi;MWI;MWIr106;Salima;454205;Salima [District: Malawi];;;;;;;
Malawi;MWI;MWIr107;Thyolo;454307;Thyolo [District: Malawi];;;;;;;
Malawi;MWI;MWIr108;Zomba;454303;Zomba, Zomba city [District: Malawi];;;;;;;
Malawi;MWI;MWIr109;Lilongwe;454206;Lilongwe, Lilongwe city [District: Malawi];;;;;;;
Malawi;MWI;MWIr110;Mulanje;454308;Mulanje [District: Malawi];;;;;;;
Malawi;MWI;MWIr111;Other northern (Chitipa, Karonga, Rumphi, Nkhata Bay);454101;454102;454103;454104;;;;;
Malawi;MWI;MWIr112;Other central (Nkhota Kota, Mchinji, Dowa, Ntchisi, Dedza, Ntcheu);454202;454203;454204;454207;454208;454209;;;
Malawi;MWI;MWIr113;Other southern (Balaka, Mwanza, Phalombe, Chiradzulu, Chikwawa, Nsanje, neno);454304;454309;454310;454311;454312;454313;;;
Nepal;NPL;NPLr101;Eastern;101;524001;524002;524003;;;;;
Nepal;NPL;NPLr102;Central;102;524004;524005;524006;;;;;
Nepal;NPL;NPLr103;Western;103;524007;524008;524009;;;;;
Nepal;NPL;NPLr104;Mid-western;104;524010;524011;524012;;;;;
Nepal;NPL;NPLr105;Far-western;105;524013;524014;;;;;;
Rwanda;RWA;RWAr101;City of Kigali;;;;;;;;;
Rwanda;RWA;RWAr102;South;;;;;;;;;
Rwanda;RWA;RWAr103;West;;;;;;;;;
Rwanda;RWA;RWAr104;North;;;;;;;;;
Rwanda;RWA;RWAr105;East;;;;;;;;;
Senegal;SEN;SENr101;Dakar;686001;Dakar [Region: Senegal];;;;;;;
Senegal;SEN;SENr102;Ziguinchor;686002;Ziguinchor [Region: Senegal];;;;;;;
Senegal;SEN;SENr103;Diourbel;686003;Diourbel [Region: Senegal];;;;;;;
Senegal;SEN;SENr104;Saint Louis;686004;;;;;;;;
Senegal;SEN;SENr105;Tambacounda;686005;Tambacounda [Region: Senegal];;;;;;;
Senegal;SEN;SENr106;Kaolack;686006;;;;;;;;
Senegal;SEN;SENr107;Thies;686007;Thies [Region: Senegal];;;;;;;
Senegal;SEN;SENr108;Louga;686004;;;;;;;;
Senegal;SEN;SENr109;Fatick;686006;;;;;;;;
Senegal;SEN;SENr110;Kolda;686010;Kolda, Sedhiou [Region: Senegal];;;;;;;
SierraLeone;SLE;SLEr101;Bombali;694021;Bombali [District: Sierra Leone];;;;;;;
SierraLeone;SLE;SLEr102;Kambia;694022;Kambia [District: Sierra Leone];;;;;;;
SierraLeone;SLE;SLEr103;Koinadugu;694023;Koinadugu [District: Sierra Leone];;;;;;;
SierraLeone;SLE;SLEr104;Port Loko;694024;Port Loko [District: Sierra Leone];;;;;;;
SierraLeone;SLE;SLEr105;Tonkolili;694025;Tonkolili [District: Sierra Leone];;;;;;;
SierraLeone;SLE;SLEr106;Kailahun;694011;Kailahun [District: Sierra Leone];;;;;;;
SierraLeone;SLE;SLEr107;Kenema;694012;Kenema [District: Sierra Leone];;;;;;;
SierraLeone;SLE;SLEr108;Kono;694013;Kono [District: Sierra Leone];;;;;;;
SierraLeone;SLE;SLEr109;Bo;694031;Bo [District: Sierra Leone];;;;;;;
SierraLeone;SLE;SLEr110;Bonthe;694032;Bonthe [District: Sierra Leone];;;;;;;
SierraLeone;SLE;SLEr111;Moyamba;694033;Moyamba [District: Sierra Leone];;;;;;;
SierraLeone;SLE;SLEr112;Pujehun;694034;Pujehun [District: Sierra Leone];;;;;;;
SierraLeone;SLE;SLEr113;Western Rural;694041;Western Rural [District: Sierra Leone];;;;;;;
SierraLeone;SLE;SLEr114;Western Urban;694042;Western Urban [District: Sierra Leone];;;;;;;
Tanzania;TZA;TZAr201;Dodoma;834001;Dodoma [Region: Tanzania];;;;;;;
Tanzania;TZA;TZAr202;Arusha, Manyara;834002;Arusha, Manyara [Region: Tanzania];;;;;;;
Tanzania;TZA;TZAr203;Kilimanjaro;834003;Kilimanjaro [Region: Tanzania];;;;;;;
Tanzania;TZA;TZAr204;Tanga;834004;Tanga [Region: Tanzania];;;;;;;
Tanzania;TZA;TZAr205;Morogoro;834005;Morogoro [Region: Tanzania];;;;;;;
Tanzania;TZA;TZAr206;Pwani;834006;Pwani [Region: Tanzania];;;;;;;
Tanzania;TZA;TZAr207;Dar Es Salam;834007;Dar es Salaam [Region: Tanzania];;;;;;;
Tanzania;TZA;TZAr208;Lindi;834008;Lindi [Region: Tanzania];;;;;;;
Tanzania;TZA;TZAr209;Mtwara;834009;Mtwara [Region: Tanzania];;;;;;;
Tanzania;TZA;TZAr210;Ruvuma;834010;Ruvuma [Region: Tanzania];;;;;;;
Tanzania;TZA;TZAr211;Iringa, Njombe;834011;Iringa, Njombe [Region: Tanzania];;;;;;;
Tanzania;TZA;TZAr212;Mbeya;834012;Mbeya [Region: Tanzania];;;;;;;
Tanzania;TZA;TZAr213;Singida;834013;Singida [Region: Tanzania];;;;;;;
Tanzania;TZA;TZAr214;Tabora;834014;Tabora [Region: Tanzania];;;;;;;
Tanzania;TZA;TZAr215;Rukwa, Katavi;834015;Katavi, Rukwa [Region: Tanzania];;;;;;;
Tanzania;TZA;TZAr216;Kigoma;834016;Kigoma [Region: Tanzania];;;;;;;
Tanzania;TZA;TZAr217;Shinyanga, Simiyu;834019;Geita, Kagera, Mwanza, Shinyanga, Simiyu [Region: Tanzania];;;;;;;
Tanzania;TZA;TZAr218;Kagera;834019;Geita, Kagera, Mwanza, Shinyanga, Simiyu [Region: Tanzania];;;;;;;
Tanzania;TZA;TZAr219;Mwanza, Geita;834019;Geita, Kagera, Mwanza, Shinyanga, Simiyu [Region: Tanzania];;;;;;;
Tanzania;TZA;TZAr220;Mara;834020;Mara [Region: Tanzania];;;;;;;
Tanzania;TZA;TZAr221;Zanzibar North;834051;Zanzibar North [Region: Tanzania];;;;;;;
Tanzania;TZA;TZAr222;Zanzibar South;834052;Zanzibar South [Region: Tanzania];;;;;;;
Tanzania;TZA;TZAr223;Zanzibar West;834053;Zanzibar Town/West [Region: Tanzania];;;;;;;
Tanzania;TZA;TZAr224;Pemba North;834054;Pemba North [Region: Tanzania];;;;;;;
Tanzania;TZA;TZAr225;Pemba South;834055;Pemba South [Region: Tanzania];;;;;;;
Uganda;UGA;UGAr101;Central 1 (Central South);101;800101;800105;800106;800110;;;;
Uganda;UGA;UGAr102;Central 2 (Central North);102;800103;800104;800107;800108;;;;
Uganda;UGA;UGAr103;Kampala;103;800102;Kampala [District: Uganda];;;;;;
Uganda;UGA;UGAr104;East Central (Busoga);104;800201;800202;800204;800205;;;;
Uganda;UGA;UGAr105;Eastern (Bukedi, Bugishu, Teso);105;800206;800207;800208;800209;800210;;;
Uganda;UGA;UGAr106;North (Karamoja, Lango, Acholi);106;800302;800304;800305;800306;800307;;;
Uganda;UGA;UGAr107;West Nile;107;800301;800303;800310;;;;;
Uganda;UGA;UGAr108;Western (Bunyoro, Tooro);108;800401;800403;800405;800406;800407;800409;;
Uganda;UGA;UGAr109;Southwest (Ankole, Kigezi);109;800402;800404;800408;800412;;;;
Zimbabwe;ZWE;ZWEr101;Manicaland;716001;Manicaland [Province: Zimbabwe];;;;;;;
Zimbabwe;ZWE;ZWEr102;Mashonaland Central;716002;Mashonaland Central [Province: Zimbabwe];;;;;;;
Zimbabwe;ZWE;ZWEr103;Mashonaland East;716003;Mashonaland East [Province: Zimbabwe];;;;;;;
Zimbabwe;ZWE;ZWEr104;Mashonaland West;716004;Mashonaland West [Province: Zimbabwe];;;;;;;
Zimbabwe;ZWE;ZWEr105;Matebeleland North;716005;Matabeleland North [Province: Zimbabwe];;;;;;;
Zimbabwe;ZWE;ZWEr106;Matebeleland South;716006;Matabeleland South [Province: Zimbabwe];;;;;;;
Zimbabwe;ZWE;ZWEr107;Midlands;716007;Midlands [Province: Zimbabwe];;;;;;;
Zimbabwe;ZWE;ZWEr108;Masvingo;716008;Masvingo [Province: Zimbabwe];;;;;;;
Zimbabwe;ZWE;ZWEr109;Harare;716009;Harare [Province: Zimbabwe];;;;;;;
Zimbabwe;ZWE;ZWEr110;Bulawayo;716000;Bulawayo [Province: Zimbabwe];;;;;;;
Philippines;PHL;PHLr101;National Capital Region;101;608074;608075;608076;608039;;;;
Philippines;PHL;PHLr102;Cordillera Admin Region;102;608001;608011;608015;608027;608032;608044;;
Philippines;PHL;PHLr103;I-Ilocos;103;608014;608028;608029;608033;608055;;;
Philippines;PHL;PHLr104;II-Cagayan Valley;104;608031;608050;608057;;;;;
Philippines;PHL;PHLr105;III-Central Luzon;105;608008;608049;608054;608069;608071;608077;;
Philippines;PHL;PHLr106;IVA-CALABARZON;106;608010;608021;608034;608056;608058;;;
Philippines;PHL;PHLr107;IVB-MIMAROPA;107;608040;608051;608052;608053;608059;;;
Philippines;PHL;PHLr108;V-Bicol;108;608005;608016;608017;608020;608041;608062;;
Philippines;PHL;PHLr109;VI-Western Visayas;109;608004;608006;608019;608030;608045;;;
Philippines;PHL;PHLr110;VII-Central Visayas;110;608012;608022;608046;608061;;;;
Philippines;PHL;PHLr111;VIII-Eastern Visayas;111;608026;608037;608048;608060;608064;608067;608068;
Philippines;PHL;PHLr112;IX-Zamboanga Peninsula;112;608072;608073;;;;;;
Philippines;PHL;PHLr113;X-Northern Mindanao;113;608013;608018;608035;608042;608043;;;
Philippines;PHL;PHLr114;XI-Davao;114;608023;608024;608025;;;;;
Philippines;PHL;PHLr115;XII-SOCCSKSARGEN;115;608047;608065;608063;;;;;
Philippines;PHL;PHLr116;XIII-Caraga;116;608002;608003;;;;;;
Philippines;PHL;PHLr117;BARMM;117;608007;608036;608038;608066;608070;;;
Zambia;ZMB;ZMBr101;Central;894001;;;;;;;;
Zambia;ZMB;ZMBr102;Copperbelt;894002;;;;;;;;
Zambia;ZMB;ZMBr103;Eastern;894003;;;;;;;;
Zambia;ZMB;ZMBr104;Luapula;894004;;;;;;;;
Zambia;ZMB;ZMBr105;Lusaka;894005;;;;;;;;
Zambia;ZMB;ZMBr106;Northern;894003;;;;;;;;
Zambia;ZMB;ZMBr107;North-Western;894008;;;;;;;;
Zambia;ZMB;ZMBr108;Southern;894009;;;;;;;;
Zambia;ZMB;ZMBr109;Western;894010;;;;;;;;
CostaRica;CRI;CRIr101;San Jose;188001;;;;;;;;
CostaRica;CRI;CRIr102;Alajuela;188002;;;;;;;;
CostaRica;CRI;CRIr103;Cartago;188003;;;;;;;;
CostaRica;CRI;CRIr104;Heredia;188004;;;;;;;;
CostaRica;CRI;CRIr105;Guanacaste;188005;;;;;;;;
CostaRica;CRI;CRIr106;Puntarenas;188006;;;;;;;;
CostaRica;CRI;CRIr107;Limon;188007;;;;;;;;
Ecuador;ECU;ECUr101;Coste;101;218009;218007;;;;;;
Ecuador;ECU;ECUr102;Sierra;102;218001;218002;218004;218005;218006;218010;218011;218018
Ecuador;ECU;ECUr103;Oriente;103;218014;218016;218019;218021;;;;
Iran;IRN;IRNr101;Markazi;364000;;;;;;;;
Iran;IRN;IRNr102;Gilan;364001;;;;;;;;
Iran;IRN;IRNr103;Mazandaran;364002;;;;;;;;
Iran;IRN;IRNr104;EastAzarbayejan;364003;;;;;;;;
Iran;IRN;IRNr105;WestAzarbayejan;364004;;;;;;;;
Iran;IRN;IRNr106;Kermanshah;364005;;;;;;;;
Iran;IRN;IRNr107;Khuzestan;364006;;;;;;;;
Iran;IRN;IRNr108;Fars;364007;;;;;;;;
Iran;IRN;IRNr109;Kerman;364008;;;;;;;;
Iran;IRN;IRNr110;Khorasan-e-Razavi;364009;;;;;;;;
Iran;IRN;IRNr111;Esfahan;364010;;;;;;;;
Iran;IRN;IRNr112;Sistanand Baluchestan;364011;;;;;;;;
Iran;IRN;IRNr113;Kordestan;364012;;;;;;;;
Iran;IRN;IRNr114;Hamedan;364013;;;;;;;;
Iran;IRN;IRNr115;Chaharmahal and Bakhtiyari;364014;;;;;;;;
Iran;IRN;IRNr116;Lorestan;364015;;;;;;;;
Iran;IRN;IRNr117;Ilam;364016;;;;;;;;
Iran;IRN;IRNr118;Kohgiluyeh and Boyerahmad;364017;;;;;;;;
Iran;IRN;IRNr119;Bushehr;364018;;;;;;;;
Iran;IRN;IRNr120;Zanjan;364019;;;;;;;;
Iran;IRN;IRNr121;Semnan;364020;;;;;;;;
Iran;IRN;IRNr122;Yazd;364021;;;;;;;;
Iran;IRN;IRNr123;Hormozgan;364022;;;;;;;;
Iran;IRN;IRNr124;Tehran and Alborz;364023;;;;;;;;
Iran;IRN;IRNr125;Ardebil;364024;;;;;;;;
Iran;IRN;IRNr126;Qom;364025;;;;;;;;
Iran;IRN;IRNr127;Qazvin;364026;;;;;;;;
Iran;IRN;IRNr128;Golestan;364027;;;;;;;;
Iran;IRN;IRNr129;North Khorasan;364028;;;;;;;;
Iran;IRN;IRNr130;South Khorasan;364029;;;;;;;;
Mauritius;MUS;MUSr101;North (Port Louis, Pamplemousses, Riviere du Rempart, Flacq, Moka);101;480011;480012;480013;480014;480018;;;
Mauritius;MUS;MUSr102;South (Grand Port, Savanne, Plaines Wilhems, Black River);102;480015;480016;480017;480019;;;;
Mauritius;MUS;MUSr103;Rodrigues;103;480020;;;;;;;
Romania;ROU;ROUr101;Nord-Est;101;642004;642007;642022;642027;642033;642037;;
Romania;ROU;ROUr102;Sud-Est;102;642009;642010;642013;642017;642036;642039;;
Romania;ROU;ROUr103;Sud;103;642003;642051;642015;642029;642034;;;
Romania;ROU;ROUr104;Sud-Vest Oltenia;104;642016;642018;642025;642028;642038;;;
Romania;ROU;ROUr105;Vest;105;642002;642011;642020;642035;;;;
Romania;ROU;ROUr106;Nord-Vest;106;642005;642006;642012;642024;642030;642031;;
Romania;ROU;ROUr107;Centru;107;642001;642008;642014;642019;642026;642032;;
Romania;ROU;ROUr108;Bucuresti;108;642043;;;;;;;
